run_id,run_date,asset_id,scheduled_at,completed_at,freshness_minutes,rows_expected,rows_loaded,pipeline_status,schema_version,governed_value,dashboard_value
RUN-20260301-WEB_EVENTS,2026-03-01,WEB_EVENTS,2026-03-01T02:00:00Z,2026-03-01T03:45:00Z,105,100,100,SUCCEEDED,v1,26573.11,26600.12
RUN-20260301-CRM_LEADS,2026-03-01,CRM_LEADS,2026-03-01T02:00:00Z,2026-03-01T03:54:00Z,114,100,100,SUCCEEDED,v1,25114.49,25152.29
RUN-20260301-COMMERCE_ORDERS,2026-03-01,COMMERCE_ORDERS,2026-03-01T02:00:00Z,2026-03-01T04:08:00Z,128,100,100,SUCCEEDED,v1,25535.18,25583.87
RUN-20260301-CAMPAIGN_SPEND,2026-03-01,CAMPAIGN_SPEND,2026-03-01T02:00:00Z,2026-03-01T04:23:00Z,143,100,100,SUCCEEDED,v1,26501.88,26514.22
RUN-20260302-WEB_EVENTS,2026-03-02,WEB_EVENTS,2026-03-02T02:00:00Z,2026-03-02T03:24:00Z,84,100,100,SUCCEEDED,v1,25075.35,25112.73
RUN-20260302-CRM_LEADS,2026-03-02,CRM_LEADS,2026-03-02T02:00:00Z,2026-03-02T04:21:00Z,141,100,100,SUCCEEDED,v1,26609.14,26631.41
RUN-20260302-COMMERCE_ORDERS,2026-03-02,COMMERCE_ORDERS,2026-03-02T02:00:00Z,2026-03-02T03:59:00Z,119,100,100,SUCCEEDED,v1,27651.97,27701.75
RUN-20260302-CAMPAIGN_SPEND,2026-03-02,CAMPAIGN_SPEND,2026-03-02T02:00:00Z,2026-03-02T04:03:00Z,123,100,100,SUCCEEDED,v1,25289.37,25340.24
RUN-20260303-WEB_EVENTS,2026-03-03,WEB_EVENTS,2026-03-03T02:00:00Z,2026-03-03T03:34:00Z,94,100,100,SUCCEEDED,v1,24676.94,24746.69
RUN-20260303-CRM_LEADS,2026-03-03,CRM_LEADS,2026-03-03T02:00:00Z,2026-03-03T03:45:00Z,105,100,100,SUCCEEDED,v1,26982.66,27025.51
RUN-20260303-COMMERCE_ORDERS,2026-03-03,COMMERCE_ORDERS,2026-03-03T02:00:00Z,2026-03-03T03:10:00Z,70,100,100,SUCCEEDED,v1,25838.94,25897.09
RUN-20260303-CAMPAIGN_SPEND,2026-03-03,CAMPAIGN_SPEND,2026-03-03T02:00:00Z,2026-03-03T03:47:00Z,107,100,100,SUCCEEDED,v1,26613.38,26692.74
RUN-20260304-WEB_EVENTS,2026-03-04,WEB_EVENTS,2026-03-04T02:00:00Z,2026-03-04T03:15:00Z,75,100,100,SUCCEEDED,v1,26590.83,26639.25
RUN-20260304-CRM_LEADS,2026-03-04,CRM_LEADS,2026-03-04T02:00:00Z,2026-03-04T04:21:00Z,141,100,100,SUCCEEDED,v1,27289.98,27303.14
RUN-20260304-COMMERCE_ORDERS,2026-03-04,COMMERCE_ORDERS,2026-03-04T02:00:00Z,2026-03-04T04:22:00Z,142,100,100,SUCCEEDED,v1,25676.48,25712.99
RUN-20260304-CAMPAIGN_SPEND,2026-03-04,CAMPAIGN_SPEND,2026-03-04T02:00:00Z,2026-03-04T03:03:00Z,63,100,100,SUCCEEDED,v1,24322.43,24364.83
RUN-20260305-WEB_EVENTS,2026-03-05,WEB_EVENTS,2026-03-05T02:00:00Z,2026-03-05T04:38:00Z,158,100,100,SUCCEEDED,v1,28367.85,28443.46
RUN-20260305-CRM_LEADS,2026-03-05,CRM_LEADS,2026-03-05T02:00:00Z,2026-03-05T04:30:00Z,150,100,100,SUCCEEDED,v1,24520.25,24593.91
RUN-20260305-COMMERCE_ORDERS,2026-03-05,COMMERCE_ORDERS,2026-03-05T02:00:00Z,2026-03-05T03:34:00Z,94,100,100,SUCCEEDED,v1,25924.4,26001.63
RUN-20260305-CAMPAIGN_SPEND,2026-03-05,CAMPAIGN_SPEND,2026-03-05T02:00:00Z,2026-03-05T04:43:00Z,163,100,100,SUCCEEDED,v1,25007.18,25029.58
RUN-20260306-WEB_EVENTS,2026-03-06,WEB_EVENTS,2026-03-06T02:00:00Z,2026-03-06T04:59:00Z,179,100,100,SUCCEEDED,v1,24873.6,24928.93
RUN-20260306-CRM_LEADS,2026-03-06,CRM_LEADS,2026-03-06T02:00:00Z,2026-03-06T03:12:00Z,72,100,100,SUCCEEDED,v1,26952.34,26969.69
RUN-20260306-COMMERCE_ORDERS,2026-03-06,COMMERCE_ORDERS,2026-03-06T02:00:00Z,2026-03-06T04:03:00Z,123,100,100,SUCCEEDED,v1,27302.16,27364.82
RUN-20260306-CAMPAIGN_SPEND,2026-03-06,CAMPAIGN_SPEND,2026-03-06T02:00:00Z,2026-03-06T03:41:00Z,101,100,100,SUCCEEDED,v1,25735.9,25779.28
RUN-20260307-WEB_EVENTS,2026-03-07,WEB_EVENTS,2026-03-07T02:00:00Z,2026-03-07T04:53:00Z,173,100,100,SUCCEEDED,v1,27043.75,27096.64
RUN-20260307-CRM_LEADS,2026-03-07,CRM_LEADS,2026-03-07T02:00:00Z,2026-03-07T03:01:00Z,61,100,100,SUCCEEDED,v1,26641.96,26707.85
RUN-20260307-COMMERCE_ORDERS,2026-03-07,COMMERCE_ORDERS,2026-03-07T02:00:00Z,2026-03-07T03:41:00Z,101,100,100,SUCCEEDED,v1,27454.29,27498.88
RUN-20260307-CAMPAIGN_SPEND,2026-03-07,CAMPAIGN_SPEND,2026-03-07T02:00:00Z,2026-03-07T04:01:00Z,121,100,100,SUCCEEDED,v1,27055.79,27140.8
RUN-20260308-WEB_EVENTS,2026-03-08,WEB_EVENTS,2026-03-08T02:00:00Z,2026-03-08T04:27:00Z,147,100,100,SUCCEEDED,v1,27193.84,27270.77
RUN-20260308-CRM_LEADS,2026-03-08,CRM_LEADS,2026-03-08T02:00:00Z,2026-03-08T02:56:00Z,56,100,100,SUCCEEDED,v1,27787.56,27860.42
RUN-20260308-COMMERCE_ORDERS,2026-03-08,COMMERCE_ORDERS,2026-03-08T02:00:00Z,2026-03-08T04:02:00Z,122,100,100,SUCCEEDED,v1,26883.28,26943.15
RUN-20260308-CAMPAIGN_SPEND,2026-03-08,CAMPAIGN_SPEND,2026-03-08T02:00:00Z,2026-03-08T03:16:00Z,76,100,100,SUCCEEDED,v1,24776.39,24814.58
RUN-20260309-WEB_EVENTS,2026-03-09,WEB_EVENTS,2026-03-09T02:00:00Z,2026-03-09T05:04:00Z,184,100,100,SUCCEEDED,v1,26201.84,26265.04
RUN-20260309-CRM_LEADS,2026-03-09,CRM_LEADS,2026-03-09T02:00:00Z,2026-03-09T04:15:00Z,135,100,100,SUCCEEDED,v1,26412.55,26430.65
RUN-20260309-COMMERCE_ORDERS,2026-03-09,COMMERCE_ORDERS,2026-03-09T02:00:00Z,2026-03-09T02:57:00Z,57,100,100,SUCCEEDED,v1,25621.9,25697.43
RUN-20260309-CAMPAIGN_SPEND,2026-03-09,CAMPAIGN_SPEND,2026-03-09T02:00:00Z,2026-03-09T04:24:00Z,144,100,100,SUCCEEDED,v1,26527.31,26591.05
RUN-20260310-WEB_EVENTS,2026-03-10,WEB_EVENTS,2026-03-10T02:00:00Z,2026-03-10T03:28:00Z,88,100,100,SUCCEEDED,v1,23285.19,23333.31
RUN-20260310-CRM_LEADS,2026-03-10,CRM_LEADS,2026-03-10T02:00:00Z,2026-03-10T03:25:00Z,85,100,100,SUCCEEDED,v1,24832.78,24857.92
RUN-20260310-COMMERCE_ORDERS,2026-03-10,COMMERCE_ORDERS,2026-03-10T02:00:00Z,2026-03-10T04:19:00Z,139,100,100,SUCCEEDED,v1,24332.0,24373.32
RUN-20260310-CAMPAIGN_SPEND,2026-03-10,CAMPAIGN_SPEND,2026-03-10T02:00:00Z,2026-03-10T04:15:00Z,135,100,100,SUCCEEDED,v1,24496.47,24559.16
RUN-20260311-WEB_EVENTS,2026-03-11,WEB_EVENTS,2026-03-11T02:00:00Z,2026-03-11T03:38:00Z,98,100,100,SUCCEEDED,v1,24240.71,24255.53
RUN-20260311-CRM_LEADS,2026-03-11,CRM_LEADS,2026-03-11T02:00:00Z,2026-03-11T04:49:00Z,169,100,100,SUCCEEDED,v1,25966.99,25978.71
RUN-20260311-COMMERCE_ORDERS,2026-03-11,COMMERCE_ORDERS,2026-03-11T02:00:00Z,2026-03-11T04:15:00Z,135,100,100,SUCCEEDED,v1,26414.18,26494.42
RUN-20260311-CAMPAIGN_SPEND,2026-03-11,CAMPAIGN_SPEND,2026-03-11T02:00:00Z,2026-03-11T04:31:00Z,151,100,100,SUCCEEDED,v1,25363.17,25402.86
RUN-20260312-WEB_EVENTS,2026-03-12,WEB_EVENTS,2026-03-12T02:00:00Z,2026-03-12T04:38:00Z,158,100,100,SUCCEEDED,v1,26437.24,26519.35
RUN-20260312-CRM_LEADS,2026-03-12,CRM_LEADS,2026-03-12T02:00:00Z,2026-03-12T03:13:00Z,73,100,100,SUCCEEDED,v1,27163.17,27242.88
RUN-20260312-COMMERCE_ORDERS,2026-03-12,COMMERCE_ORDERS,2026-03-12T02:00:00Z,2026-03-12T04:02:00Z,122,100,100,SUCCEEDED,v1,25067.02,25132.42
RUN-20260312-CAMPAIGN_SPEND,2026-03-12,CAMPAIGN_SPEND,2026-03-12T02:00:00Z,2026-03-12T03:06:00Z,66,100,100,SUCCEEDED,v1,24387.38,24423.77
RUN-20260313-WEB_EVENTS,2026-03-13,WEB_EVENTS,2026-03-13T02:00:00Z,2026-03-13T02:58:00Z,58,100,100,SUCCEEDED,v1,27433.01,27456.78
RUN-20260313-CRM_LEADS,2026-03-13,CRM_LEADS,2026-03-13T02:00:00Z,2026-03-13T04:19:00Z,139,100,100,SUCCEEDED,v1,26800.8,26855.86
RUN-20260313-COMMERCE_ORDERS,2026-03-13,COMMERCE_ORDERS,2026-03-13T02:00:00Z,2026-03-13T03:27:00Z,87,100,100,SUCCEEDED,v1,24723.53,24774.36
RUN-20260313-CAMPAIGN_SPEND,2026-03-13,CAMPAIGN_SPEND,2026-03-13T02:00:00Z,2026-03-13T04:25:00Z,145,100,100,SUCCEEDED,v1,24852.18,24930.12
RUN-20260314-WEB_EVENTS,2026-03-14,WEB_EVENTS,2026-03-14T02:00:00Z,2026-03-14T04:47:00Z,167,100,100,SUCCEEDED,v1,25603.95,25614.97
RUN-20260314-CRM_LEADS,2026-03-14,CRM_LEADS,2026-03-14T02:00:00Z,2026-03-14T03:57:00Z,117,100,100,SUCCEEDED,v1,29354.61,29439.01
RUN-20260314-COMMERCE_ORDERS,2026-03-14,COMMERCE_ORDERS,2026-03-14T02:00:00Z,2026-03-14T04:14:00Z,134,100,100,SUCCEEDED,v1,27366.51,27396.7
RUN-20260314-CAMPAIGN_SPEND,2026-03-14,CAMPAIGN_SPEND,2026-03-14T02:00:00Z,2026-03-14T03:40:00Z,100,100,100,SUCCEEDED,v1,26901.48,26940.88
RUN-20260315-WEB_EVENTS,2026-03-15,WEB_EVENTS,2026-03-15T02:00:00Z,2026-03-15T03:45:00Z,105,100,100,SUCCEEDED,v1,24719.9,24785.84
RUN-20260315-CRM_LEADS,2026-03-15,CRM_LEADS,2026-03-15T02:00:00Z,2026-03-15T04:35:00Z,155,100,100,SUCCEEDED,v1,26196.96,26208.31
RUN-20260315-COMMERCE_ORDERS,2026-03-15,COMMERCE_ORDERS,2026-03-15T02:00:00Z,2026-03-15T03:05:00Z,65,100,100,SUCCEEDED,v1,27656.1,27678.32
RUN-20260315-CAMPAIGN_SPEND,2026-03-15,CAMPAIGN_SPEND,2026-03-15T02:00:00Z,2026-03-15T04:37:00Z,157,100,100,SUCCEEDED,v1,25207.07,25269.24
RUN-20260316-WEB_EVENTS,2026-03-16,WEB_EVENTS,2026-03-16T02:00:00Z,2026-03-16T03:22:00Z,82,100,100,SUCCEEDED,v1,25619.31,25668.39
RUN-20260316-CRM_LEADS,2026-03-16,CRM_LEADS,2026-03-16T02:00:00Z,2026-03-16T03:39:00Z,99,100,100,SUCCEEDED,v1,25510.44,25530.13
RUN-20260316-COMMERCE_ORDERS,2026-03-16,COMMERCE_ORDERS,2026-03-16T02:00:00Z,2026-03-16T04:41:00Z,161,100,100,SUCCEEDED,v1,24513.53,24568.19
RUN-20260316-CAMPAIGN_SPEND,2026-03-16,CAMPAIGN_SPEND,2026-03-16T02:00:00Z,2026-03-16T03:31:00Z,91,100,100,SUCCEEDED,v1,27219.43,27232.19
RUN-20260317-WEB_EVENTS,2026-03-17,WEB_EVENTS,2026-03-17T02:00:00Z,2026-03-17T04:24:00Z,144,100,100,SUCCEEDED,v1,26497.94,26528.12
RUN-20260317-CRM_LEADS,2026-03-17,CRM_LEADS,2026-03-17T02:00:00Z,2026-03-17T03:38:00Z,98,100,100,SUCCEEDED,v1,26442.47,26488.14
RUN-20260317-COMMERCE_ORDERS,2026-03-17,COMMERCE_ORDERS,2026-03-17T02:00:00Z,2026-03-17T03:20:00Z,80,100,100,SUCCEEDED,v1,25438.22,25517.33
RUN-20260317-CAMPAIGN_SPEND,2026-03-17,CAMPAIGN_SPEND,2026-03-17T02:00:00Z,2026-03-17T04:58:00Z,178,100,100,SUCCEEDED,v1,26863.17,26931.63
RUN-20260318-WEB_EVENTS,2026-03-18,WEB_EVENTS,2026-03-18T02:00:00Z,2026-03-18T04:20:00Z,140,100,100,SUCCEEDED,v1,25488.34,25569.46
RUN-20260318-CRM_LEADS,2026-03-18,CRM_LEADS,2026-03-18T02:00:00Z,2026-03-18T04:27:00Z,147,100,100,SUCCEEDED,v1,26157.62,26169.25
RUN-20260318-COMMERCE_ORDERS,2026-03-18,COMMERCE_ORDERS,2026-03-18T02:00:00Z,2026-03-18T04:00:00Z,120,100,100,SUCCEEDED,v1,26587.04,26651.33
RUN-20260318-CAMPAIGN_SPEND,2026-03-18,CAMPAIGN_SPEND,2026-03-18T02:00:00Z,2026-03-18T05:01:00Z,181,100,100,SUCCEEDED,v1,28102.44,28146.29
RUN-20260319-WEB_EVENTS,2026-03-19,WEB_EVENTS,2026-03-19T02:00:00Z,2026-03-19T03:02:00Z,62,100,100,SUCCEEDED,v1,26808.01,26877.89
RUN-20260319-CRM_LEADS,2026-03-19,CRM_LEADS,2026-03-19T02:00:00Z,2026-03-19T04:05:00Z,125,100,100,SUCCEEDED,v1,26337.1,26412.8
RUN-20260319-COMMERCE_ORDERS,2026-03-19,COMMERCE_ORDERS,2026-03-19T02:00:00Z,2026-03-19T04:38:00Z,158,100,100,SUCCEEDED,v1,25643.96,25698.72
RUN-20260319-CAMPAIGN_SPEND,2026-03-19,CAMPAIGN_SPEND,2026-03-19T02:00:00Z,2026-03-19T03:56:00Z,116,100,100,SUCCEEDED,v1,25661.16,25742.1
RUN-20260320-WEB_EVENTS,2026-03-20,WEB_EVENTS,2026-03-20T02:00:00Z,2026-03-20T04:39:00Z,159,100,100,SUCCEEDED,v1,24559.91,24588.01
RUN-20260320-CRM_LEADS,2026-03-20,CRM_LEADS,2026-03-20T02:00:00Z,2026-03-20T03:48:00Z,108,100,100,SUCCEEDED,v1,24737.16,24806.13
RUN-20260320-COMMERCE_ORDERS,2026-03-20,COMMERCE_ORDERS,2026-03-20T02:00:00Z,2026-03-20T03:18:00Z,78,100,100,SUCCEEDED,v1,26658.44,26705.72
RUN-20260320-CAMPAIGN_SPEND,2026-03-20,CAMPAIGN_SPEND,2026-03-20T02:00:00Z,2026-03-20T04:52:00Z,172,100,100,SUCCEEDED,v1,26507.47,26544.44
RUN-20260321-WEB_EVENTS,2026-03-21,WEB_EVENTS,2026-03-21T02:00:00Z,2026-03-21T03:22:00Z,82,100,100,SUCCEEDED,v1,26430.54,26461.4
RUN-20260321-CRM_LEADS,2026-03-21,CRM_LEADS,2026-03-21T02:00:00Z,2026-03-21T04:43:00Z,163,100,100,SUCCEEDED,v1,24252.11,24313.34
RUN-20260321-COMMERCE_ORDERS,2026-03-21,COMMERCE_ORDERS,2026-03-21T02:00:00Z,2026-03-21T03:41:00Z,101,100,100,SUCCEEDED,v1,26675.47,26748.28
RUN-20260321-CAMPAIGN_SPEND,2026-03-21,CAMPAIGN_SPEND,2026-03-21T02:00:00Z,2026-03-21T04:10:00Z,130,100,100,SUCCEEDED,v1,24572.74,24641.4
RUN-20260322-WEB_EVENTS,2026-03-22,WEB_EVENTS,2026-03-22T02:00:00Z,2026-03-22T04:04:00Z,124,100,100,SUCCEEDED,v1,24968.46,25027.49
RUN-20260322-CRM_LEADS,2026-03-22,CRM_LEADS,2026-03-22T02:00:00Z,2026-03-22T04:04:00Z,124,100,100,SUCCEEDED,v1,26561.45,26634.9
RUN-20260322-COMMERCE_ORDERS,2026-03-22,COMMERCE_ORDERS,2026-03-22T02:00:00Z,2026-03-22T04:10:00Z,130,100,100,SUCCEEDED,v1,25027.72,25038.88
RUN-20260322-CAMPAIGN_SPEND,2026-03-22,CAMPAIGN_SPEND,2026-03-22T02:00:00Z,2026-03-22T04:27:00Z,147,100,100,SUCCEEDED,v1,24330.49,24369.25
RUN-20260323-WEB_EVENTS,2026-03-23,WEB_EVENTS,2026-03-23T02:00:00Z,2026-03-23T03:26:00Z,86,100,100,SUCCEEDED,v1,24598.31,24668.26
RUN-20260323-CRM_LEADS,2026-03-23,CRM_LEADS,2026-03-23T02:00:00Z,2026-03-23T03:23:00Z,83,100,100,SUCCEEDED,v1,26921.98,26992.03
RUN-20260323-COMMERCE_ORDERS,2026-03-23,COMMERCE_ORDERS,2026-03-23T02:00:00Z,2026-03-23T04:39:00Z,159,100,100,SUCCEEDED,v1,25069.49,25100.68
RUN-20260323-CAMPAIGN_SPEND,2026-03-23,CAMPAIGN_SPEND,2026-03-23T02:00:00Z,2026-03-23T02:58:00Z,58,100,100,SUCCEEDED,v1,25713.33,25775.73
RUN-20260324-WEB_EVENTS,2026-03-24,WEB_EVENTS,2026-03-24T02:00:00Z,2026-03-24T04:14:00Z,134,100,100,SUCCEEDED,v1,28316.39,28328.96
RUN-20260324-CRM_LEADS,2026-03-24,CRM_LEADS,2026-03-24T02:00:00Z,2026-03-24T05:05:00Z,185,100,100,SUCCEEDED,v1,26049.8,26124.43
RUN-20260324-COMMERCE_ORDERS,2026-03-24,COMMERCE_ORDERS,2026-03-24T02:00:00Z,2026-03-24T03:34:00Z,94,100,100,SUCCEEDED,v1,26032.3,26069.74
RUN-20260324-CAMPAIGN_SPEND,2026-03-24,CAMPAIGN_SPEND,2026-03-24T02:00:00Z,2026-03-24T03:22:00Z,82,100,100,SUCCEEDED,v1,26229.84,26298.43
RUN-20260325-WEB_EVENTS,2026-03-25,WEB_EVENTS,2026-03-25T02:00:00Z,2026-03-25T04:14:00Z,134,100,100,SUCCEEDED,v1,26291.09,26347.79
RUN-20260325-CRM_LEADS,2026-03-25,CRM_LEADS,2026-03-25T02:00:00Z,2026-03-25T03:08:00Z,68,100,100,SUCCEEDED,v1,25729.94,25799.46
RUN-20260325-COMMERCE_ORDERS,2026-03-25,COMMERCE_ORDERS,2026-03-25T02:00:00Z,2026-03-25T03:35:00Z,95,100,100,SUCCEEDED,v1,27993.25,28058.29
RUN-20260325-CAMPAIGN_SPEND,2026-03-25,CAMPAIGN_SPEND,2026-03-25T02:00:00Z,2026-03-25T02:59:00Z,59,100,100,SUCCEEDED,v1,27648.76,27711.49
RUN-20260326-WEB_EVENTS,2026-03-26,WEB_EVENTS,2026-03-26T02:00:00Z,2026-03-26T03:43:00Z,103,100,100,SUCCEEDED,v1,25483.75,25526.8
RUN-20260326-CRM_LEADS,2026-03-26,CRM_LEADS,2026-03-26T02:00:00Z,2026-03-26T04:45:00Z,165,100,100,SUCCEEDED,v1,25318.74,25338.87
RUN-20260326-COMMERCE_ORDERS,2026-03-26,COMMERCE_ORDERS,2026-03-26T02:00:00Z,2026-03-26T03:19:00Z,79,100,100,SUCCEEDED,v1,26353.2,26419.72
RUN-20260326-CAMPAIGN_SPEND,2026-03-26,CAMPAIGN_SPEND,2026-03-26T02:00:00Z,2026-03-26T04:51:00Z,171,100,100,SUCCEEDED,v1,25943.51,26005.91
RUN-20260327-WEB_EVENTS,2026-03-27,WEB_EVENTS,2026-03-27T02:00:00Z,2026-03-27T04:23:00Z,143,100,100,SUCCEEDED,v1,27066.18,27136.82
RUN-20260327-CRM_LEADS,2026-03-27,CRM_LEADS,2026-03-27T02:00:00Z,2026-03-27T05:00:00Z,180,100,100,SUCCEEDED,v1,25912.44,25983.28
RUN-20260327-COMMERCE_ORDERS,2026-03-27,COMMERCE_ORDERS,2026-03-27T02:00:00Z,2026-03-27T04:21:00Z,141,100,100,SUCCEEDED,v1,23187.7,23260.27
RUN-20260327-CAMPAIGN_SPEND,2026-03-27,CAMPAIGN_SPEND,2026-03-27T02:00:00Z,2026-03-27T04:43:00Z,163,100,100,SUCCEEDED,v1,26688.7,26766.53
RUN-20260328-WEB_EVENTS,2026-03-28,WEB_EVENTS,2026-03-28T02:00:00Z,2026-03-28T04:39:00Z,159,100,100,SUCCEEDED,v1,27729.32,27786.39
RUN-20260328-CRM_LEADS,2026-03-28,CRM_LEADS,2026-03-28T02:00:00Z,2026-03-28T04:12:00Z,132,100,100,SUCCEEDED,v1,27216.27,27234.59
RUN-20260328-COMMERCE_ORDERS,2026-03-28,COMMERCE_ORDERS,2026-03-28T02:00:00Z,2026-03-28T03:49:00Z,109,100,100,SUCCEEDED,v1,24275.61,24287.15
RUN-20260328-CAMPAIGN_SPEND,2026-03-28,CAMPAIGN_SPEND,2026-03-28T02:00:00Z,2026-03-28T04:12:00Z,132,100,100,SUCCEEDED,v1,28724.55,28747.37
RUN-20260329-WEB_EVENTS,2026-03-29,WEB_EVENTS,2026-03-29T02:00:00Z,2026-03-29T03:21:00Z,81,100,100,SUCCEEDED,v1,24814.45,24848.78
RUN-20260329-CRM_LEADS,2026-03-29,CRM_LEADS,2026-03-29T02:00:00Z,2026-03-29T03:32:00Z,92,100,100,SUCCEEDED,v1,24787.19,24835.23
RUN-20260329-COMMERCE_ORDERS,2026-03-29,COMMERCE_ORDERS,2026-03-29T02:00:00Z,2026-03-29T04:07:00Z,127,100,100,SUCCEEDED,v1,27673.85,27758.11
RUN-20260329-CAMPAIGN_SPEND,2026-03-29,CAMPAIGN_SPEND,2026-03-29T02:00:00Z,2026-03-29T03:52:00Z,112,100,100,SUCCEEDED,v1,28664.54,28734.63
RUN-20260330-WEB_EVENTS,2026-03-30,WEB_EVENTS,2026-03-30T02:00:00Z,2026-03-30T04:05:00Z,125,100,100,SUCCEEDED,v1,24066.55,24121.13
RUN-20260330-CRM_LEADS,2026-03-30,CRM_LEADS,2026-03-30T02:00:00Z,2026-03-30T03:50:00Z,110,100,100,SUCCEEDED,v1,26772.05,26826.83
RUN-20260330-COMMERCE_ORDERS,2026-03-30,COMMERCE_ORDERS,2026-03-30T02:00:00Z,2026-03-30T04:07:00Z,127,100,100,SUCCEEDED,v1,25494.59,25515.61
RUN-20260330-CAMPAIGN_SPEND,2026-03-30,CAMPAIGN_SPEND,2026-03-30T02:00:00Z,2026-03-30T03:47:00Z,107,100,100,SUCCEEDED,v1,24960.19,24975.34
RUN-20260331-WEB_EVENTS,2026-03-31,WEB_EVENTS,2026-03-31T02:00:00Z,2026-03-31T04:05:00Z,125,100,100,SUCCEEDED,v1,26604.9,26666.02
RUN-20260331-CRM_LEADS,2026-03-31,CRM_LEADS,2026-03-31T02:00:00Z,2026-03-31T04:21:00Z,141,100,100,SUCCEEDED,v1,25610.11,25689.2
RUN-20260331-COMMERCE_ORDERS,2026-03-31,COMMERCE_ORDERS,2026-03-31T02:00:00Z,2026-03-31T03:50:00Z,110,100,100,SUCCEEDED,v1,25619.2,25663.41
RUN-20260331-CAMPAIGN_SPEND,2026-03-31,CAMPAIGN_SPEND,2026-03-31T02:00:00Z,2026-03-31T04:50:00Z,170,100,100,SUCCEEDED,v1,26622.25,26647.53
RUN-20260401-WEB_EVENTS,2026-04-01,WEB_EVENTS,2026-04-01T02:00:00Z,2026-04-01T04:49:00Z,169,100,100,SUCCEEDED,v1,28988.79,29028.51
RUN-20260401-CRM_LEADS,2026-04-01,CRM_LEADS,2026-04-01T02:00:00Z,2026-04-01T03:56:00Z,116,100,100,SUCCEEDED,v1,26028.99,26096.57
RUN-20260401-COMMERCE_ORDERS,2026-04-01,COMMERCE_ORDERS,2026-04-01T02:00:00Z,2026-04-01T03:49:00Z,109,100,100,SUCCEEDED,v1,27373.95,27459.46
RUN-20260401-CAMPAIGN_SPEND,2026-04-01,CAMPAIGN_SPEND,2026-04-01T02:00:00Z,2026-04-01T03:43:00Z,103,100,100,SUCCEEDED,v1,27841.52,27885.27
RUN-20260402-WEB_EVENTS,2026-04-02,WEB_EVENTS,2026-04-02T02:00:00Z,2026-04-02T04:29:00Z,149,100,100,SUCCEEDED,v1,28188.16,28234.01
RUN-20260402-CRM_LEADS,2026-04-02,CRM_LEADS,2026-04-02T02:00:00Z,2026-04-02T04:03:00Z,123,100,100,SUCCEEDED,v1,24966.26,25016.89
RUN-20260402-COMMERCE_ORDERS,2026-04-02,COMMERCE_ORDERS,2026-04-02T02:00:00Z,2026-04-02T03:19:00Z,79,100,100,SUCCEEDED,v1,24617.3,24681.25
RUN-20260402-CAMPAIGN_SPEND,2026-04-02,CAMPAIGN_SPEND,2026-04-02T02:00:00Z,2026-04-02T03:47:00Z,107,100,100,SUCCEEDED,v1,23988.42,24024.81
RUN-20260403-WEB_EVENTS,2026-04-03,WEB_EVENTS,2026-04-03T02:00:00Z,2026-04-03T03:55:00Z,115,100,100,SUCCEEDED,v1,26317.95,26362.9
RUN-20260403-CRM_LEADS,2026-04-03,CRM_LEADS,2026-04-03T02:00:00Z,2026-04-03T04:34:00Z,154,100,100,SUCCEEDED,v1,25756.23,25806.62
RUN-20260403-COMMERCE_ORDERS,2026-04-03,COMMERCE_ORDERS,2026-04-03T02:00:00Z,2026-04-03T03:07:00Z,67,100,100,SUCCEEDED,v1,28798.14,28816.92
RUN-20260403-CAMPAIGN_SPEND,2026-04-03,CAMPAIGN_SPEND,2026-04-03T02:00:00Z,2026-04-03T04:05:00Z,125,100,100,SUCCEEDED,v1,26968.63,27032.42
RUN-20260404-WEB_EVENTS,2026-04-04,WEB_EVENTS,2026-04-04T02:00:00Z,2026-04-04T04:14:00Z,134,100,100,SUCCEEDED,v1,25775.42,25821.19
RUN-20260404-CRM_LEADS,2026-04-04,CRM_LEADS,2026-04-04T02:00:00Z,2026-04-04T04:27:00Z,147,100,100,SUCCEEDED,v1,24512.21,24577.03
RUN-20260404-COMMERCE_ORDERS,2026-04-04,COMMERCE_ORDERS,2026-04-04T02:00:00Z,2026-04-04T03:42:00Z,102,100,100,SUCCEEDED,v1,26516.79,26594.08
RUN-20260404-CAMPAIGN_SPEND,2026-04-04,CAMPAIGN_SPEND,2026-04-04T02:00:00Z,2026-04-04T04:54:00Z,174,100,100,SUCCEEDED,v1,25581.57,25644.8
RUN-20260405-WEB_EVENTS,2026-04-05,WEB_EVENTS,2026-04-05T02:00:00Z,2026-04-05T04:23:00Z,143,100,100,SUCCEEDED,v1,24361.15,24395.67
RUN-20260405-CRM_LEADS,2026-04-05,CRM_LEADS,2026-04-05T02:00:00Z,2026-04-05T03:47:00Z,107,100,100,SUCCEEDED,v1,24983.77,25037.49
RUN-20260405-COMMERCE_ORDERS,2026-04-05,COMMERCE_ORDERS,2026-04-05T02:00:00Z,2026-04-05T04:25:00Z,145,100,100,SUCCEEDED,v1,26561.89,26635.34
RUN-20260405-CAMPAIGN_SPEND,2026-04-05,CAMPAIGN_SPEND,2026-04-05T02:00:00Z,2026-04-05T03:23:00Z,83,100,100,SUCCEEDED,v1,26226.27,26253.75
RUN-20260406-WEB_EVENTS,2026-04-06,WEB_EVENTS,2026-04-06T02:00:00Z,2026-04-06T03:25:00Z,85,100,100,SUCCEEDED,v1,27365.58,27448.57
RUN-20260406-CRM_LEADS,2026-04-06,CRM_LEADS,2026-04-06T02:00:00Z,2026-04-06T03:28:00Z,88,100,100,SUCCEEDED,v1,23891.04,23923.97
RUN-20260406-COMMERCE_ORDERS,2026-04-06,COMMERCE_ORDERS,2026-04-06T02:00:00Z,2026-04-06T04:54:00Z,174,100,100,SUCCEEDED,v1,26979.6,26991.81
RUN-20260406-CAMPAIGN_SPEND,2026-04-06,CAMPAIGN_SPEND,2026-04-06T02:00:00Z,2026-04-06T04:10:00Z,130,100,100,SUCCEEDED,v1,27514.43,27581.76
RUN-20260407-WEB_EVENTS,2026-04-07,WEB_EVENTS,2026-04-07T02:00:00Z,2026-04-07T04:58:00Z,178,100,100,SUCCEEDED,v1,27089.46,27162.44
RUN-20260407-CRM_LEADS,2026-04-07,CRM_LEADS,2026-04-07T02:00:00Z,2026-04-07T03:29:00Z,89,100,100,SUCCEEDED,v1,25801.34,25832.89
RUN-20260407-COMMERCE_ORDERS,2026-04-07,COMMERCE_ORDERS,2026-04-07T02:00:00Z,2026-04-07T04:22:00Z,142,100,100,SUCCEEDED,v1,25953.69,26009.91
RUN-20260407-CAMPAIGN_SPEND,2026-04-07,CAMPAIGN_SPEND,2026-04-07T02:00:00Z,2026-04-07T04:56:00Z,176,100,100,SUCCEEDED,v1,25547.37,25565.39
RUN-20260408-WEB_EVENTS,2026-04-08,WEB_EVENTS,2026-04-08T02:00:00Z,2026-04-08T03:13:00Z,73,100,100,SUCCEEDED,v1,24615.84,24625.86
RUN-20260408-CRM_LEADS,2026-04-08,CRM_LEADS,2026-04-08T02:00:00Z,2026-04-08T04:08:00Z,128,100,100,SUCCEEDED,v1,26768.93,26840.78
RUN-20260408-COMMERCE_ORDERS,2026-04-08,COMMERCE_ORDERS,2026-04-08T02:00:00Z,2026-04-08T04:25:00Z,145,100,100,SUCCEEDED,v1,25004.07,25019.71
RUN-20260408-CAMPAIGN_SPEND,2026-04-08,CAMPAIGN_SPEND,2026-04-08T02:00:00Z,2026-04-08T03:26:00Z,86,100,100,SUCCEEDED,v1,23060.99,23112.26
RUN-20260409-WEB_EVENTS,2026-04-09,WEB_EVENTS,2026-04-09T02:00:00Z,2026-04-09T03:54:00Z,114,100,100,SUCCEEDED,v1,25378.1,25391.46
RUN-20260409-CRM_LEADS,2026-04-09,CRM_LEADS,2026-04-09T02:00:00Z,2026-04-09T04:30:00Z,150,100,100,SUCCEEDED,v1,26358.99,26412.47
RUN-20260409-COMMERCE_ORDERS,2026-04-09,COMMERCE_ORDERS,2026-04-09T02:00:00Z,2026-04-09T03:43:00Z,103,100,100,SUCCEEDED,v1,25957.94,25978.46
RUN-20260409-CAMPAIGN_SPEND,2026-04-09,CAMPAIGN_SPEND,2026-04-09T02:00:00Z,2026-04-09T04:23:00Z,143,100,100,SUCCEEDED,v1,27146.6,27203.15
RUN-20260410-WEB_EVENTS,2026-04-10,WEB_EVENTS,2026-04-10T02:00:00Z,2026-04-10T03:43:00Z,103,100,100,SUCCEEDED,v1,25784.28,25850.33
RUN-20260410-CRM_LEADS,2026-04-10,CRM_LEADS,2026-04-10T02:00:00Z,2026-04-10T03:35:00Z,95,100,100,SUCCEEDED,v1,24922.94,24998.29
RUN-20260410-COMMERCE_ORDERS,2026-04-10,COMMERCE_ORDERS,2026-04-10T02:00:00Z,2026-04-10T03:26:00Z,86,100,100,SUCCEEDED,v1,25063.25,25089.07
RUN-20260410-CAMPAIGN_SPEND,2026-04-10,CAMPAIGN_SPEND,2026-04-10T02:00:00Z,2026-04-10T03:31:00Z,91,100,100,SUCCEEDED,v1,27181.64,27267.17
RUN-20260411-WEB_EVENTS,2026-04-11,WEB_EVENTS,2026-04-11T02:00:00Z,2026-04-11T03:11:00Z,71,100,100,SUCCEEDED,v1,26797.11,26851.8
RUN-20260411-CRM_LEADS,2026-04-11,CRM_LEADS,2026-04-11T02:00:00Z,2026-04-11T03:40:00Z,100,100,100,SUCCEEDED,v1,28257.6,28302.65
RUN-20260411-COMMERCE_ORDERS,2026-04-11,COMMERCE_ORDERS,2026-04-11T02:00:00Z,2026-04-11T04:40:00Z,160,100,100,SUCCEEDED,v1,26421.85,26497.93
RUN-20260411-CAMPAIGN_SPEND,2026-04-11,CAMPAIGN_SPEND,2026-04-11T02:00:00Z,2026-04-11T04:31:00Z,151,100,100,SUCCEEDED,v1,23081.9,23121.6
RUN-20260412-WEB_EVENTS,2026-04-12,WEB_EVENTS,2026-04-12T02:00:00Z,2026-04-12T04:04:00Z,124,100,100,SUCCEEDED,v1,26285.21,26368.59
RUN-20260412-CRM_LEADS,2026-04-12,CRM_LEADS,2026-04-12T02:00:00Z,2026-04-12T03:11:00Z,71,100,100,SUCCEEDED,v1,25102.46,25158.54
RUN-20260412-COMMERCE_ORDERS,2026-04-12,COMMERCE_ORDERS,2026-04-12T02:00:00Z,2026-04-12T03:09:00Z,69,100,100,SUCCEEDED,v1,27945.71,27986.89
RUN-20260412-CAMPAIGN_SPEND,2026-04-12,CAMPAIGN_SPEND,2026-04-12T02:00:00Z,2026-04-12T03:51:00Z,111,100,100,SUCCEEDED,v1,27411.17,27436.85
RUN-20260413-WEB_EVENTS,2026-04-13,WEB_EVENTS,2026-04-13T02:00:00Z,2026-04-13T03:57:00Z,117,100,100,SUCCEEDED,v1,25273.8,25291.28
RUN-20260413-CRM_LEADS,2026-04-13,CRM_LEADS,2026-04-13T02:00:00Z,2026-04-13T04:15:00Z,135,100,100,SUCCEEDED,v1,26734.29,26768.13
RUN-20260413-COMMERCE_ORDERS,2026-04-13,COMMERCE_ORDERS,2026-04-13T02:00:00Z,2026-04-13T03:24:00Z,84,100,100,SUCCEEDED,v1,23703.87,23765.79
RUN-20260413-CAMPAIGN_SPEND,2026-04-13,CAMPAIGN_SPEND,2026-04-13T02:00:00Z,2026-04-13T04:49:00Z,169,100,100,SUCCEEDED,v1,23325.89,23335.31
RUN-20260414-WEB_EVENTS,2026-04-14,WEB_EVENTS,2026-04-14T02:00:00Z,2026-04-14T05:02:00Z,182,100,106,SUCCEEDED,v2-tracking,29080.6,30156.58
RUN-20260414-CRM_LEADS,2026-04-14,CRM_LEADS,2026-04-14T02:00:00Z,2026-04-14T03:14:00Z,74,100,100,SUCCEEDED,v1,25505.63,25586.2
RUN-20260414-COMMERCE_ORDERS,2026-04-14,COMMERCE_ORDERS,2026-04-14T02:00:00Z,2026-04-14T02:57:00Z,57,100,100,SUCCEEDED,v1,26418.06,26498.36
RUN-20260414-CAMPAIGN_SPEND,2026-04-14,CAMPAIGN_SPEND,2026-04-14T02:00:00Z,2026-04-14T04:41:00Z,161,100,100,SUCCEEDED,v1,24386.43,24422.53
RUN-20260415-WEB_EVENTS,2026-04-15,WEB_EVENTS,2026-04-15T02:00:00Z,2026-04-15T04:05:00Z,125,100,106,SUCCEEDED,v2-tracking,25318.24,26255.01
RUN-20260415-CRM_LEADS,2026-04-15,CRM_LEADS,2026-04-15T02:00:00Z,2026-04-15T04:21:00Z,141,100,100,SUCCEEDED,v1,27529.19,27597.83
RUN-20260415-COMMERCE_ORDERS,2026-04-15,COMMERCE_ORDERS,2026-04-15T02:00:00Z,2026-04-15T04:34:00Z,154,100,100,SUCCEEDED,v1,24696.17,24764.17
RUN-20260415-CAMPAIGN_SPEND,2026-04-15,CAMPAIGN_SPEND,2026-04-15T02:00:00Z,2026-04-15T03:57:00Z,117,100,100,SUCCEEDED,v1,26341.1,26369.48
RUN-20260416-WEB_EVENTS,2026-04-16,WEB_EVENTS,2026-04-16T02:00:00Z,2026-04-16T04:20:00Z,140,100,100,SUCCEEDED,v1,24822.82,24898.47
RUN-20260416-CRM_LEADS,2026-04-16,CRM_LEADS,2026-04-16T02:00:00Z,2026-04-16T02:59:00Z,59,100,100,SUCCEEDED,v1,26561.1,26635.0
RUN-20260416-COMMERCE_ORDERS,2026-04-16,COMMERCE_ORDERS,2026-04-16T02:00:00Z,2026-04-16T04:16:00Z,136,100,100,SUCCEEDED,v1,26068.79,26106.52
RUN-20260416-CAMPAIGN_SPEND,2026-04-16,CAMPAIGN_SPEND,2026-04-16T02:00:00Z,2026-04-16T03:20:00Z,80,100,100,SUCCEEDED,v1,26307.63,26356.0
RUN-20260417-WEB_EVENTS,2026-04-17,WEB_EVENTS,2026-04-17T02:00:00Z,2026-04-17T03:04:00Z,64,100,100,SUCCEEDED,v1,24261.89,24294.58
RUN-20260417-CRM_LEADS,2026-04-17,CRM_LEADS,2026-04-17T02:00:00Z,2026-04-17T04:30:00Z,150,100,100,SUCCEEDED,v1,26372.88,26439.28
RUN-20260417-COMMERCE_ORDERS,2026-04-17,COMMERCE_ORDERS,2026-04-17T02:00:00Z,2026-04-17T03:51:00Z,111,100,100,SUCCEEDED,v1,27240.53,27293.98
RUN-20260417-CAMPAIGN_SPEND,2026-04-17,CAMPAIGN_SPEND,2026-04-17T02:00:00Z,2026-04-17T04:24:00Z,144,100,100,SUCCEEDED,v1,27907.91,27968.86
RUN-20260418-WEB_EVENTS,2026-04-18,WEB_EVENTS,2026-04-18T02:00:00Z,2026-04-18T05:01:00Z,181,100,100,SUCCEEDED,v1,25731.72,25746.8
RUN-20260418-CRM_LEADS,2026-04-18,CRM_LEADS,2026-04-18T02:00:00Z,2026-04-18T04:57:00Z,177,100,100,SUCCEEDED,v1,24494.68,24526.23
RUN-20260418-COMMERCE_ORDERS,2026-04-18,COMMERCE_ORDERS,2026-04-18T02:00:00Z,2026-04-18T03:01:00Z,61,100,100,SUCCEEDED,v1,25947.13,26025.11
RUN-20260418-CAMPAIGN_SPEND,2026-04-18,CAMPAIGN_SPEND,2026-04-18T02:00:00Z,2026-04-18T03:04:00Z,64,100,100,SUCCEEDED,v1,27541.11,27622.96
RUN-20260419-WEB_EVENTS,2026-04-19,WEB_EVENTS,2026-04-19T02:00:00Z,2026-04-19T04:04:00Z,124,100,100,SUCCEEDED,v1,29268.75,29302.89
RUN-20260419-CRM_LEADS,2026-04-19,CRM_LEADS,2026-04-19T02:00:00Z,2026-04-19T04:54:00Z,174,100,100,SUCCEEDED,v1,26643.27,26675.55
RUN-20260419-COMMERCE_ORDERS,2026-04-19,COMMERCE_ORDERS,2026-04-19T02:00:00Z,2026-04-19T04:47:00Z,167,100,100,SUCCEEDED,v1,22974.87,22984.22
RUN-20260419-CAMPAIGN_SPEND,2026-04-19,CAMPAIGN_SPEND,2026-04-19T02:00:00Z,2026-04-19T03:42:00Z,102,100,100,SUCCEEDED,v1,26588.4,26621.22
RUN-20260420-WEB_EVENTS,2026-04-20,WEB_EVENTS,2026-04-20T02:00:00Z,2026-04-20T03:58:00Z,118,100,100,SUCCEEDED,v1,24710.42,24743.94
RUN-20260420-CRM_LEADS,2026-04-20,CRM_LEADS,2026-04-20T02:00:00Z,2026-04-20T03:59:00Z,119,100,100,SUCCEEDED,v1,25190.78,25242.07
RUN-20260420-COMMERCE_ORDERS,2026-04-20,COMMERCE_ORDERS,2026-04-20T02:00:00Z,2026-04-20T04:47:00Z,167,100,100,SUCCEEDED,v1,26067.22,26134.34
RUN-20260420-CAMPAIGN_SPEND,2026-04-20,CAMPAIGN_SPEND,2026-04-20T02:00:00Z,2026-04-20T03:38:00Z,98,100,100,SUCCEEDED,v1,27138.03,27168.42
RUN-20260421-WEB_EVENTS,2026-04-21,WEB_EVENTS,2026-04-21T02:00:00Z,2026-04-21T05:04:00Z,184,100,100,SUCCEEDED,v1,24158.71,24219.51
RUN-20260421-CRM_LEADS,2026-04-21,CRM_LEADS,2026-04-21T02:00:00Z,2026-04-21T04:11:00Z,131,100,100,SUCCEEDED,v1,23552.7,23627.56
RUN-20260421-COMMERCE_ORDERS,2026-04-21,COMMERCE_ORDERS,2026-04-21T02:00:00Z,2026-04-21T03:48:00Z,108,100,100,SUCCEEDED,v1,25301.09,25311.88
RUN-20260421-CAMPAIGN_SPEND,2026-04-21,CAMPAIGN_SPEND,2026-04-21T02:00:00Z,2026-04-21T03:08:00Z,68,100,100,SUCCEEDED,v1,24182.84,24204.96
RUN-20260422-WEB_EVENTS,2026-04-22,WEB_EVENTS,2026-04-22T02:00:00Z,2026-04-22T03:57:00Z,117,100,100,SUCCEEDED,v1,25928.45,25983.74
RUN-20260422-CRM_LEADS,2026-04-22,CRM_LEADS,2026-04-22T02:00:00Z,2026-04-22T03:26:00Z,86,100,100,SUCCEEDED,v1,26366.17,26410.82
RUN-20260422-COMMERCE_ORDERS,2026-04-22,COMMERCE_ORDERS,2026-04-22T02:00:00Z,2026-04-22T03:44:00Z,104,100,100,SUCCEEDED,v1,27156.65,27222.74
RUN-20260422-CAMPAIGN_SPEND,2026-04-22,CAMPAIGN_SPEND,2026-04-22T02:00:00Z,2026-04-22T04:57:00Z,177,100,100,SUCCEEDED,v1,25407.56,25442.58
RUN-20260423-WEB_EVENTS,2026-04-23,WEB_EVENTS,2026-04-23T02:00:00Z,2026-04-23T03:50:00Z,110,100,100,SUCCEEDED,v1,24648.37,24686.0
RUN-20260423-CRM_LEADS,2026-04-23,CRM_LEADS,2026-04-23T02:00:00Z,2026-04-23T03:08:00Z,68,100,100,SUCCEEDED,v1,26318.78,26359.87
RUN-20260423-COMMERCE_ORDERS,2026-04-23,COMMERCE_ORDERS,2026-04-23T02:00:00Z,2026-04-23T03:31:00Z,91,100,100,SUCCEEDED,v1,28031.11,28049.26
RUN-20260423-CAMPAIGN_SPEND,2026-04-23,CAMPAIGN_SPEND,2026-04-23T02:00:00Z,2026-04-23T04:37:00Z,157,100,100,SUCCEEDED,v1,25902.44,25929.61
RUN-20260424-WEB_EVENTS,2026-04-24,WEB_EVENTS,2026-04-24T02:00:00Z,2026-04-24T03:16:00Z,76,100,100,SUCCEEDED,v1,25284.67,25320.04
RUN-20260424-CRM_LEADS,2026-04-24,CRM_LEADS,2026-04-24T02:00:00Z,2026-04-24T03:14:00Z,74,100,100,SUCCEEDED,v1,27239.09,27272.91
RUN-20260424-COMMERCE_ORDERS,2026-04-24,COMMERCE_ORDERS,2026-04-24T02:00:00Z,2026-04-24T03:26:00Z,86,100,100,SUCCEEDED,v1,22276.78,22341.47
RUN-20260424-CAMPAIGN_SPEND,2026-04-24,CAMPAIGN_SPEND,2026-04-24T02:00:00Z,2026-04-24T05:03:00Z,183,100,100,SUCCEEDED,v1,23887.2,23936.59
RUN-20260425-WEB_EVENTS,2026-04-25,WEB_EVENTS,2026-04-25T02:00:00Z,2026-04-25T04:06:00Z,126,100,100,SUCCEEDED,v1,24099.8,24118.83
RUN-20260425-CRM_LEADS,2026-04-25,CRM_LEADS,2026-04-25T02:00:00Z,2026-04-25T04:33:00Z,153,100,100,SUCCEEDED,v1,27254.38,27338.27
RUN-20260425-COMMERCE_ORDERS,2026-04-25,COMMERCE_ORDERS,2026-04-25T02:00:00Z,2026-04-25T03:03:00Z,63,100,100,SUCCEEDED,v1,26341.17,26356.73
RUN-20260425-CAMPAIGN_SPEND,2026-04-25,CAMPAIGN_SPEND,2026-04-25T02:00:00Z,2026-04-25T04:54:00Z,174,100,100,SUCCEEDED,v1,24320.48,24372.46
RUN-20260426-WEB_EVENTS,2026-04-26,WEB_EVENTS,2026-04-26T02:00:00Z,2026-04-26T03:53:00Z,113,100,100,SUCCEEDED,v1,26829.82,26842.31
RUN-20260426-CRM_LEADS,2026-04-26,CRM_LEADS,2026-04-26T02:00:00Z,2026-04-26T04:34:00Z,154,100,100,SUCCEEDED,v1,23757.81,23819.34
RUN-20260426-COMMERCE_ORDERS,2026-04-26,COMMERCE_ORDERS,2026-04-26T02:00:00Z,2026-04-26T03:01:00Z,61,100,100,SUCCEEDED,v1,26477.94,26545.59
RUN-20260426-CAMPAIGN_SPEND,2026-04-26,CAMPAIGN_SPEND,2026-04-26T02:00:00Z,2026-04-26T04:18:00Z,138,100,100,SUCCEEDED,v1,24630.31,24688.08
RUN-20260427-WEB_EVENTS,2026-04-27,WEB_EVENTS,2026-04-27T02:00:00Z,2026-04-27T04:49:00Z,169,100,100,SUCCEEDED,v1,26702.02,26719.86
RUN-20260427-CRM_LEADS,2026-04-27,CRM_LEADS,2026-04-27T02:00:00Z,2026-04-27T04:08:00Z,128,100,100,SUCCEEDED,v1,22105.2,22136.74
RUN-20260427-COMMERCE_ORDERS,2026-04-27,COMMERCE_ORDERS,2026-04-27T02:00:00Z,2026-04-27T04:46:00Z,166,100,100,SUCCEEDED,v1,28045.57,28123.98
RUN-20260427-CAMPAIGN_SPEND,2026-04-27,CAMPAIGN_SPEND,2026-04-27T02:00:00Z,2026-04-27T04:32:00Z,152,100,100,SUCCEEDED,v1,24700.28,24741.29
RUN-20260428-WEB_EVENTS,2026-04-28,WEB_EVENTS,2026-04-28T02:00:00Z,2026-04-28T03:15:00Z,75,100,100,SUCCEEDED,v1,25239.32,25297.98
RUN-20260428-CRM_LEADS,2026-04-28,CRM_LEADS,2026-04-28T02:00:00Z,2026-04-28T03:18:00Z,78,100,100,SUCCEEDED,v1,26451.46,26470.04
RUN-20260428-COMMERCE_ORDERS,2026-04-28,COMMERCE_ORDERS,2026-04-28T02:00:00Z,2026-04-28T03:17:00Z,77,100,100,SUCCEEDED,v1,27320.33,27384.31
RUN-20260428-CAMPAIGN_SPEND,2026-04-28,CAMPAIGN_SPEND,2026-04-28T02:00:00Z,2026-04-28T04:31:00Z,151,100,100,SUCCEEDED,v1,25332.24,25399.67
RUN-20260429-WEB_EVENTS,2026-04-29,WEB_EVENTS,2026-04-29T02:00:00Z,2026-04-29T04:29:00Z,149,100,100,SUCCEEDED,v1,24829.31,24894.18
RUN-20260429-CRM_LEADS,2026-04-29,CRM_LEADS,2026-04-29T02:00:00Z,2026-04-29T04:31:00Z,151,100,100,SUCCEEDED,v1,26604.49,26633.51
RUN-20260429-COMMERCE_ORDERS,2026-04-29,COMMERCE_ORDERS,2026-04-29T02:00:00Z,2026-04-29T04:22:00Z,142,100,100,SUCCEEDED,v1,25540.79,25599.15
RUN-20260429-CAMPAIGN_SPEND,2026-04-29,CAMPAIGN_SPEND,2026-04-29T02:00:00Z,2026-04-29T03:34:00Z,94,100,100,SUCCEEDED,v1,26664.13,26730.62
RUN-20260430-WEB_EVENTS,2026-04-30,WEB_EVENTS,2026-04-30T02:00:00Z,2026-04-30T03:44:00Z,104,100,100,SUCCEEDED,v1,25579.46,25653.21
RUN-20260430-CRM_LEADS,2026-04-30,CRM_LEADS,2026-04-30T02:00:00Z,2026-04-30T03:54:00Z,114,100,100,SUCCEEDED,v1,26374.3,26439.68
RUN-20260430-COMMERCE_ORDERS,2026-04-30,COMMERCE_ORDERS,2026-04-30T02:00:00Z,2026-04-30T04:57:00Z,177,100,100,SUCCEEDED,v1,26923.46,26967.57
RUN-20260430-CAMPAIGN_SPEND,2026-04-30,CAMPAIGN_SPEND,2026-04-30T02:00:00Z,2026-04-30T04:38:00Z,158,100,100,SUCCEEDED,v1,25466.76,25483.79
RUN-20260501-WEB_EVENTS,2026-05-01,WEB_EVENTS,2026-05-01T02:00:00Z,2026-05-01T04:09:00Z,129,100,100,SUCCEEDED,v1,24652.17,24703.4
RUN-20260501-CRM_LEADS,2026-05-01,CRM_LEADS,2026-05-01T02:00:00Z,2026-05-01T04:39:00Z,159,100,100,SUCCEEDED,v1,28162.53,28185.83
RUN-20260501-COMMERCE_ORDERS,2026-05-01,COMMERCE_ORDERS,2026-05-01T02:00:00Z,2026-05-01T04:15:00Z,135,100,100,SUCCEEDED,v1,24311.75,24364.95
RUN-20260501-CAMPAIGN_SPEND,2026-05-01,CAMPAIGN_SPEND,2026-05-01T02:00:00Z,2026-05-01T04:20:00Z,140,100,100,SUCCEEDED,v1,27190.3,27232.91
RUN-20260502-WEB_EVENTS,2026-05-02,WEB_EVENTS,2026-05-02T02:00:00Z,2026-05-02T03:54:00Z,114,100,100,SUCCEEDED,v1,26816.51,26844.35
RUN-20260502-CRM_LEADS,2026-05-02,CRM_LEADS,2026-05-02T02:00:00Z,2026-05-02T03:51:00Z,111,100,100,SUCCEEDED,v1,26579.13,26609.47
RUN-20260502-COMMERCE_ORDERS,2026-05-02,COMMERCE_ORDERS,2026-05-02T02:00:00Z,2026-05-02T04:34:00Z,154,100,100,SUCCEEDED,v1,25956.34,25978.44
RUN-20260502-CAMPAIGN_SPEND,2026-05-02,CAMPAIGN_SPEND,2026-05-02T02:00:00Z,2026-05-02T04:48:00Z,168,100,100,SUCCEEDED,v1,25428.02,25479.32
RUN-20260503-WEB_EVENTS,2026-05-03,WEB_EVENTS,2026-05-03T02:00:00Z,2026-05-03T04:15:00Z,135,100,100,SUCCEEDED,v1,23745.39,23798.44
RUN-20260503-CRM_LEADS,2026-05-03,CRM_LEADS,2026-05-03T02:00:00Z,2026-05-03T04:17:00Z,137,100,100,SUCCEEDED,v1,27473.32,27543.3
RUN-20260503-COMMERCE_ORDERS,2026-05-03,COMMERCE_ORDERS,2026-05-03T02:00:00Z,2026-05-03T05:01:00Z,181,100,100,SUCCEEDED,v1,24194.25,24263.07
RUN-20260503-CAMPAIGN_SPEND,2026-05-03,CAMPAIGN_SPEND,2026-05-03T02:00:00Z,2026-05-03T03:12:00Z,72,100,100,SUCCEEDED,v1,27169.1,27189.83
RUN-20260504-WEB_EVENTS,2026-05-04,WEB_EVENTS,2026-05-04T02:00:00Z,2026-05-04T04:18:00Z,138,100,100,SUCCEEDED,v1,27979.62,28021.35
RUN-20260504-CRM_LEADS,2026-05-04,CRM_LEADS,2026-05-04T02:00:00Z,2026-05-04T04:03:00Z,123,100,100,SUCCEEDED,v1,28202.58,28234.73
RUN-20260504-COMMERCE_ORDERS,2026-05-04,COMMERCE_ORDERS,2026-05-04T02:00:00Z,2026-05-04T04:23:00Z,143,100,100,SUCCEEDED,v1,24726.57,24751.31
RUN-20260504-CAMPAIGN_SPEND,2026-05-04,CAMPAIGN_SPEND,2026-05-04T02:00:00Z,2026-05-04T03:42:00Z,102,100,100,SUCCEEDED,v1,26692.01,26775.93
RUN-20260505-WEB_EVENTS,2026-05-05,WEB_EVENTS,2026-05-05T02:00:00Z,2026-05-05T03:37:00Z,97,100,100,SUCCEEDED,v1,24042.06,24053.37
RUN-20260505-CRM_LEADS,2026-05-05,CRM_LEADS,2026-05-05T02:00:00Z,2026-05-05T04:39:00Z,159,100,100,SUCCEEDED,v1,24106.59,24128.8
RUN-20260505-COMMERCE_ORDERS,2026-05-05,COMMERCE_ORDERS,2026-05-05T02:00:00Z,2026-05-05T05:04:00Z,184,100,100,SUCCEEDED,v1,25876.38,25911.36
RUN-20260505-CAMPAIGN_SPEND,2026-05-05,CAMPAIGN_SPEND,2026-05-05T02:00:00Z,2026-05-05T03:22:00Z,82,100,100,SUCCEEDED,v1,25910.56,25922.15
RUN-20260506-WEB_EVENTS,2026-05-06,WEB_EVENTS,2026-05-06T02:00:00Z,2026-05-06T04:19:00Z,139,100,100,SUCCEEDED,v1,28166.83,28183.19
RUN-20260506-CRM_LEADS,2026-05-06,CRM_LEADS,2026-05-06T02:00:00Z,2026-05-06T04:41:00Z,161,100,100,SUCCEEDED,v1,24444.61,24503.58
RUN-20260506-COMMERCE_ORDERS,2026-05-06,COMMERCE_ORDERS,2026-05-06T02:00:00Z,2026-05-06T03:02:00Z,62,100,100,SUCCEEDED,v1,25855.65,25880.57
RUN-20260506-CAMPAIGN_SPEND,2026-05-06,CAMPAIGN_SPEND,2026-05-06T02:00:00Z,2026-05-06T04:25:00Z,145,100,100,SUCCEEDED,v1,25384.25,25438.59
RUN-20260507-WEB_EVENTS,2026-05-07,WEB_EVENTS,2026-05-07T02:00:00Z,2026-05-07T03:05:00Z,65,100,100,SUCCEEDED,v1,22717.7,22751.47
RUN-20260507-CRM_LEADS,2026-05-07,CRM_LEADS,2026-05-07T02:00:00Z,2026-05-07T04:35:00Z,155,100,100,SUCCEEDED,v1,25009.77,25029.78
RUN-20260507-COMMERCE_ORDERS,2026-05-07,COMMERCE_ORDERS,2026-05-07T02:00:00Z,2026-05-07T04:21:00Z,141,100,100,SUCCEEDED,v1,29111.31,29170.17
RUN-20260507-CAMPAIGN_SPEND,2026-05-07,CAMPAIGN_SPEND,2026-05-07T02:00:00Z,2026-05-07T03:26:00Z,86,100,100,SUCCEEDED,v1,25868.99,25892.46
RUN-20260508-WEB_EVENTS,2026-05-08,WEB_EVENTS,2026-05-08T02:00:00Z,2026-05-08T03:50:00Z,110,100,100,SUCCEEDED,v1,27727.48,27795.36
RUN-20260508-CRM_LEADS,2026-05-08,CRM_LEADS,2026-05-08T02:00:00Z,2026-05-08T02:57:00Z,57,100,100,SUCCEEDED,v1,25476.64,25487.66
RUN-20260508-COMMERCE_ORDERS,2026-05-08,COMMERCE_ORDERS,2026-05-08T02:00:00Z,2026-05-08T04:45:00Z,165,100,100,SUCCEEDED,v1,26269.8,26324.44
RUN-20260508-CAMPAIGN_SPEND,2026-05-08,CAMPAIGN_SPEND,2026-05-08T02:00:00Z,2026-05-08T03:45:00Z,105,100,100,SUCCEEDED,v2-channel,26475.15,26792.85
RUN-20260509-WEB_EVENTS,2026-05-09,WEB_EVENTS,2026-05-09T02:00:00Z,2026-05-09T04:22:00Z,142,100,100,SUCCEEDED,v1,25744.69,25807.18
RUN-20260509-CRM_LEADS,2026-05-09,CRM_LEADS,2026-05-09T02:00:00Z,2026-05-09T04:54:00Z,174,100,100,SUCCEEDED,v1,28001.28,28069.26
RUN-20260509-COMMERCE_ORDERS,2026-05-09,COMMERCE_ORDERS,2026-05-09T02:00:00Z,2026-05-09T04:48:00Z,168,100,100,SUCCEEDED,v1,25851.36,25931.02
RUN-20260509-CAMPAIGN_SPEND,2026-05-09,CAMPAIGN_SPEND,2026-05-09T02:00:00Z,2026-05-09T04:25:00Z,145,100,100,SUCCEEDED,v2-channel,27272.96,27600.24
RUN-20260510-WEB_EVENTS,2026-05-10,WEB_EVENTS,2026-05-10T02:00:00Z,2026-05-10T03:35:00Z,95,100,100,SUCCEEDED,v1,23991.99,24045.69
RUN-20260510-CRM_LEADS,2026-05-10,CRM_LEADS,2026-05-10T02:00:00Z,2026-05-10T04:07:00Z,127,100,100,SUCCEEDED,v1,25383.98,25451.39
RUN-20260510-COMMERCE_ORDERS,2026-05-10,COMMERCE_ORDERS,2026-05-10T02:00:00Z,2026-05-10T04:04:00Z,124,100,100,SUCCEEDED,v1,27029.37,27058.53
RUN-20260510-CAMPAIGN_SPEND,2026-05-10,CAMPAIGN_SPEND,2026-05-10T02:00:00Z,2026-05-10T04:11:00Z,131,100,100,SUCCEEDED,v2-channel,26502.12,26820.15
RUN-20260511-WEB_EVENTS,2026-05-11,WEB_EVENTS,2026-05-11T02:00:00Z,2026-05-11T04:11:00Z,131,100,100,SUCCEEDED,v1,25785.23,25825.13
RUN-20260511-CRM_LEADS,2026-05-11,CRM_LEADS,2026-05-11T02:00:00Z,2026-05-11T03:20:00Z,80,100,100,SUCCEEDED,v1,26877.25,26894.06
RUN-20260511-COMMERCE_ORDERS,2026-05-11,COMMERCE_ORDERS,2026-05-11T02:00:00Z,2026-05-11T03:46:00Z,106,100,100,SUCCEEDED,v1,27692.25,27749.16
RUN-20260511-CAMPAIGN_SPEND,2026-05-11,CAMPAIGN_SPEND,2026-05-11T02:00:00Z,2026-05-11T04:27:00Z,147,100,100,SUCCEEDED,v1,25561.7,25598.7
RUN-20260512-WEB_EVENTS,2026-05-12,WEB_EVENTS,2026-05-12T02:00:00Z,2026-05-12T05:01:00Z,181,100,100,SUCCEEDED,v1,25606.8,25629.39
RUN-20260512-CRM_LEADS,2026-05-12,CRM_LEADS,2026-05-12T02:00:00Z,2026-05-12T04:34:00Z,154,100,100,SUCCEEDED,v1,25748.44,25786.21
RUN-20260512-COMMERCE_ORDERS,2026-05-12,COMMERCE_ORDERS,2026-05-12T02:00:00Z,2026-05-12T03:01:00Z,61,100,100,SUCCEEDED,v1,26124.6,26169.58
RUN-20260512-CAMPAIGN_SPEND,2026-05-12,CAMPAIGN_SPEND,2026-05-12T02:00:00Z,2026-05-12T03:54:00Z,114,100,100,SUCCEEDED,v1,25188.37,25267.42
RUN-20260513-WEB_EVENTS,2026-05-13,WEB_EVENTS,2026-05-13T02:00:00Z,2026-05-13T03:11:00Z,71,100,100,SUCCEEDED,v1,28425.74,28491.69
RUN-20260513-CRM_LEADS,2026-05-13,CRM_LEADS,2026-05-13T02:00:00Z,2026-05-13T04:19:00Z,139,100,100,SUCCEEDED,v1,28049.53,28117.75
RUN-20260513-COMMERCE_ORDERS,2026-05-13,COMMERCE_ORDERS,2026-05-13T02:00:00Z,2026-05-13T03:35:00Z,95,100,100,SUCCEEDED,v1,25426.01,25457.91
RUN-20260513-CAMPAIGN_SPEND,2026-05-13,CAMPAIGN_SPEND,2026-05-13T02:00:00Z,2026-05-13T03:00:00Z,60,100,100,SUCCEEDED,v1,26173.94,26187.08
RUN-20260514-WEB_EVENTS,2026-05-14,WEB_EVENTS,2026-05-14T02:00:00Z,2026-05-14T04:41:00Z,161,100,100,SUCCEEDED,v1,26679.58,26759.67
RUN-20260514-CRM_LEADS,2026-05-14,CRM_LEADS,2026-05-14T02:00:00Z,2026-05-14T04:44:00Z,164,100,100,SUCCEEDED,v1,25443.09,25480.94
RUN-20260514-COMMERCE_ORDERS,2026-05-14,COMMERCE_ORDERS,2026-05-14T02:00:00Z,2026-05-14T03:32:00Z,92,100,100,SUCCEEDED,v1,24396.38,24442.09
RUN-20260514-CAMPAIGN_SPEND,2026-05-14,CAMPAIGN_SPEND,2026-05-14T02:00:00Z,2026-05-14T03:18:00Z,78,100,100,SUCCEEDED,v1,27260.0,27318.58
RUN-20260515-WEB_EVENTS,2026-05-15,WEB_EVENTS,2026-05-15T02:00:00Z,2026-05-15T04:48:00Z,168,100,100,SUCCEEDED,v1,25832.01,25898.54
RUN-20260515-CRM_LEADS,2026-05-15,CRM_LEADS,2026-05-15T02:00:00Z,2026-05-15T03:18:00Z,78,100,100,SUCCEEDED,v1,26792.44,26860.24
RUN-20260515-COMMERCE_ORDERS,2026-05-15,COMMERCE_ORDERS,2026-05-15T02:00:00Z,2026-05-15T04:10:00Z,130,100,100,SUCCEEDED,v1,26061.77,26133.55
RUN-20260515-CAMPAIGN_SPEND,2026-05-15,CAMPAIGN_SPEND,2026-05-15T02:00:00Z,2026-05-15T04:59:00Z,179,100,100,SUCCEEDED,v1,24575.81,24609.99
RUN-20260516-WEB_EVENTS,2026-05-16,WEB_EVENTS,2026-05-16T02:00:00Z,2026-05-16T03:51:00Z,111,100,100,SUCCEEDED,v1,26813.07,26833.82
RUN-20260516-CRM_LEADS,2026-05-16,CRM_LEADS,2026-05-16T02:00:00Z,2026-05-16T04:49:00Z,169,100,100,SUCCEEDED,v1,25408.03,25488.76
RUN-20260516-COMMERCE_ORDERS,2026-05-16,COMMERCE_ORDERS,2026-05-16T02:00:00Z,2026-05-16T04:20:00Z,140,100,100,SUCCEEDED,v1,23657.2,23674.69
RUN-20260516-CAMPAIGN_SPEND,2026-05-16,CAMPAIGN_SPEND,2026-05-16T02:00:00Z,2026-05-16T04:11:00Z,131,100,100,SUCCEEDED,v1,25833.34,25857.28
RUN-20260517-WEB_EVENTS,2026-05-17,WEB_EVENTS,2026-05-17T02:00:00Z,2026-05-17T03:25:00Z,85,100,100,SUCCEEDED,v1,27958.27,27994.6
RUN-20260517-CRM_LEADS,2026-05-17,CRM_LEADS,2026-05-17T02:00:00Z,2026-05-17T03:47:00Z,107,100,100,SUCCEEDED,v1,25141.98,25169.97
RUN-20260517-COMMERCE_ORDERS,2026-05-17,COMMERCE_ORDERS,2026-05-17T02:00:00Z,2026-05-17T03:56:00Z,116,100,100,SUCCEEDED,v1,26905.15,26939.6
RUN-20260517-CAMPAIGN_SPEND,2026-05-17,CAMPAIGN_SPEND,2026-05-17T02:00:00Z,2026-05-17T04:26:00Z,146,100,100,SUCCEEDED,v1,24966.73,25045.29
RUN-20260518-WEB_EVENTS,2026-05-18,WEB_EVENTS,2026-05-18T02:00:00Z,2026-05-18T03:08:00Z,68,100,100,SUCCEEDED,v1,26594.01,26606.8
RUN-20260518-CRM_LEADS,2026-05-18,CRM_LEADS,2026-05-18T02:00:00Z,2026-05-18T03:25:00Z,85,100,100,SUCCEEDED,v1,25893.31,25970.85
RUN-20260518-COMMERCE_ORDERS,2026-05-18,COMMERCE_ORDERS,2026-05-18T02:00:00Z,2026-05-18T04:59:00Z,179,100,100,SUCCEEDED,v1,26469.88,26549.94
RUN-20260518-CAMPAIGN_SPEND,2026-05-18,CAMPAIGN_SPEND,2026-05-18T02:00:00Z,2026-05-18T04:24:00Z,144,100,100,SUCCEEDED,v1,25763.84,25845.29
RUN-20260519-WEB_EVENTS,2026-05-19,WEB_EVENTS,2026-05-19T02:00:00Z,2026-05-19T04:59:00Z,179,100,100,SUCCEEDED,v1,26720.2,26782.78
RUN-20260519-CRM_LEADS,2026-05-19,CRM_LEADS,2026-05-19T02:00:00Z,2026-05-19T03:32:00Z,92,100,100,SUCCEEDED,v1,24544.36,24584.78
RUN-20260519-COMMERCE_ORDERS,2026-05-19,COMMERCE_ORDERS,2026-05-19T02:00:00Z,2026-05-19T03:21:00Z,81,100,100,SUCCEEDED,v1,26074.64,26118.6
RUN-20260519-CAMPAIGN_SPEND,2026-05-19,CAMPAIGN_SPEND,2026-05-19T02:00:00Z,2026-05-19T04:59:00Z,179,100,100,SUCCEEDED,v1,26147.79,26223.34
RUN-20260520-WEB_EVENTS,2026-05-20,WEB_EVENTS,2026-05-20T02:00:00Z,2026-05-20T04:56:00Z,176,100,100,SUCCEEDED,v1,25572.45,25637.46
RUN-20260520-CRM_LEADS,2026-05-20,CRM_LEADS,2026-05-20T02:00:00Z,2026-05-20T03:50:00Z,110,100,100,SUCCEEDED,v1,25566.06,25612.54
RUN-20260520-COMMERCE_ORDERS,2026-05-20,COMMERCE_ORDERS,2026-05-20T02:00:00Z,2026-05-20T03:00:00Z,60,100,100,SUCCEEDED,v1,25188.36,25214.43
RUN-20260520-CAMPAIGN_SPEND,2026-05-20,CAMPAIGN_SPEND,2026-05-20T02:00:00Z,2026-05-20T03:15:00Z,75,100,100,SUCCEEDED,v1,27685.8,27739.79
RUN-20260521-WEB_EVENTS,2026-05-21,WEB_EVENTS,2026-05-21T02:00:00Z,2026-05-21T03:05:00Z,65,100,100,SUCCEEDED,v1,25350.49,25405.91
RUN-20260521-CRM_LEADS,2026-05-21,CRM_LEADS,2026-05-21T02:00:00Z,2026-05-21T04:30:00Z,150,100,100,SUCCEEDED,v1,27416.98,27474.75
RUN-20260521-COMMERCE_ORDERS,2026-05-21,COMMERCE_ORDERS,2026-05-21T02:00:00Z,2026-05-21T05:04:00Z,184,100,100,SUCCEEDED,v1,23862.32,23890.71
RUN-20260521-CAMPAIGN_SPEND,2026-05-21,CAMPAIGN_SPEND,2026-05-21T02:00:00Z,2026-05-21T04:08:00Z,128,100,100,SUCCEEDED,v1,23300.58,23332.45
RUN-20260522-WEB_EVENTS,2026-05-22,WEB_EVENTS,2026-05-22T02:00:00Z,2026-05-22T04:24:00Z,144,100,100,SUCCEEDED,v1,28013.02,28024.35
RUN-20260522-CRM_LEADS,2026-05-22,CRM_LEADS,2026-05-22T02:00:00Z,2026-05-22T04:52:00Z,172,100,100,SUCCEEDED,v1,23521.76,23583.26
RUN-20260522-COMMERCE_ORDERS,2026-05-22,COMMERCE_ORDERS,2026-05-22T02:00:00Z,2026-05-22T04:54:00Z,174,100,100,SUCCEEDED,v1,24637.9,24688.89
RUN-20260522-CAMPAIGN_SPEND,2026-05-22,CAMPAIGN_SPEND,2026-05-22T02:00:00Z,2026-05-22T03:36:00Z,96,100,100,SUCCEEDED,v1,26882.38,26937.49
RUN-20260523-WEB_EVENTS,2026-05-23,WEB_EVENTS,2026-05-23T02:00:00Z,2026-05-23T03:21:00Z,81,100,100,SUCCEEDED,v1,25543.67,25588.88
RUN-20260523-CRM_LEADS,2026-05-23,CRM_LEADS,2026-05-23T02:00:00Z,2026-05-23T03:18:00Z,78,100,100,SUCCEEDED,v1,25428.18,25464.79
RUN-20260523-COMMERCE_ORDERS,2026-05-23,COMMERCE_ORDERS,2026-05-23T02:00:00Z,2026-05-23T04:12:00Z,132,100,100,SUCCEEDED,v1,25431.54,25499.04
RUN-20260523-CAMPAIGN_SPEND,2026-05-23,CAMPAIGN_SPEND,2026-05-23T02:00:00Z,2026-05-23T04:24:00Z,144,100,100,SUCCEEDED,v1,26325.41,26337.1
RUN-20260524-WEB_EVENTS,2026-05-24,WEB_EVENTS,2026-05-24T02:00:00Z,2026-05-24T04:18:00Z,138,100,100,SUCCEEDED,v1,26950.5,26977.33
RUN-20260524-CRM_LEADS,2026-05-24,CRM_LEADS,2026-05-24T02:00:00Z,2026-05-24T04:35:00Z,155,100,100,SUCCEEDED,v1,26755.11,26779.96
RUN-20260524-COMMERCE_ORDERS,2026-05-24,COMMERCE_ORDERS,2026-05-24T02:00:00Z,2026-05-24T04:17:00Z,137,100,100,SUCCEEDED,v1,24153.95,24187.22
RUN-20260524-CAMPAIGN_SPEND,2026-05-24,CAMPAIGN_SPEND,2026-05-24T02:00:00Z,2026-05-24T03:13:00Z,73,100,100,SUCCEEDED,v1,24442.74,24474.76
RUN-20260525-WEB_EVENTS,2026-05-25,WEB_EVENTS,2026-05-25T02:00:00Z,2026-05-25T04:19:00Z,139,100,100,SUCCEEDED,v1,26103.55,26152.32
RUN-20260525-CRM_LEADS,2026-05-25,CRM_LEADS,2026-05-25T02:00:00Z,2026-05-25T04:42:00Z,162,100,100,SUCCEEDED,v1,25529.83,25570.32
RUN-20260525-COMMERCE_ORDERS,2026-05-25,COMMERCE_ORDERS,2026-05-25T02:00:00Z,2026-05-25T03:43:00Z,103,100,100,SUCCEEDED,v1,24687.98,24751.69
RUN-20260525-CAMPAIGN_SPEND,2026-05-25,CAMPAIGN_SPEND,2026-05-25T02:00:00Z,2026-05-25T04:43:00Z,163,100,100,SUCCEEDED,v1,24397.4,24441.62
RUN-20260526-WEB_EVENTS,2026-05-26,WEB_EVENTS,2026-05-26T02:00:00Z,2026-05-26T04:14:00Z,134,100,100,SUCCEEDED,v1,25579.71,25631.76
RUN-20260526-CRM_LEADS,2026-05-26,CRM_LEADS,2026-05-26T02:00:00Z,2026-05-26T03:43:00Z,103,100,100,SUCCEEDED,v1,26413.39,26495.72
RUN-20260526-COMMERCE_ORDERS,2026-05-26,COMMERCE_ORDERS,2026-05-26T02:00:00Z,2026-05-26T04:00:00Z,120,100,100,SUCCEEDED,v1,27702.9,27750.45
RUN-20260526-CAMPAIGN_SPEND,2026-05-26,CAMPAIGN_SPEND,2026-05-26T02:00:00Z,2026-05-26T03:49:00Z,109,100,100,SUCCEEDED,v1,25415.88,25475.43
RUN-20260527-WEB_EVENTS,2026-05-27,WEB_EVENTS,2026-05-27T02:00:00Z,2026-05-27T04:14:00Z,134,100,100,SUCCEEDED,v1,26868.15,26930.61
RUN-20260527-CRM_LEADS,2026-05-27,CRM_LEADS,2026-05-27T02:00:00Z,2026-05-27T03:01:00Z,61,100,100,SUCCEEDED,v1,25976.99,26023.9
RUN-20260527-COMMERCE_ORDERS,2026-05-27,COMMERCE_ORDERS,2026-05-27T02:00:00Z,2026-05-27T04:57:00Z,177,100,100,SUCCEEDED,v1,26961.16,27027.59
RUN-20260527-CAMPAIGN_SPEND,2026-05-27,CAMPAIGN_SPEND,2026-05-27T02:00:00Z,2026-05-27T04:15:00Z,135,100,100,SUCCEEDED,v1,25914.29,25976.7
RUN-20260528-WEB_EVENTS,2026-05-28,WEB_EVENTS,2026-05-28T02:00:00Z,2026-05-28T02:58:00Z,58,100,100,SUCCEEDED,v1,22546.97,22578.37
RUN-20260528-CRM_LEADS,2026-05-28,CRM_LEADS,2026-05-28T02:00:00Z,2026-05-28T04:59:00Z,179,100,100,SUCCEEDED,v1,25297.56,25359.09
RUN-20260528-COMMERCE_ORDERS,2026-05-28,COMMERCE_ORDERS,2026-05-28T02:00:00Z,2026-05-28T04:28:00Z,148,100,100,SUCCEEDED,v1,28930.39,28947.65
RUN-20260528-CAMPAIGN_SPEND,2026-05-28,CAMPAIGN_SPEND,2026-05-28T02:00:00Z,2026-05-28T05:02:00Z,182,100,100,SUCCEEDED,v1,23314.85,23362.85
RUN-20260529-WEB_EVENTS,2026-05-29,WEB_EVENTS,2026-05-29T02:00:00Z,2026-05-29T03:46:00Z,106,100,100,SUCCEEDED,v1,25793.83,25841.64
RUN-20260529-CRM_LEADS,2026-05-29,CRM_LEADS,2026-05-29T02:00:00Z,2026-05-29T05:04:00Z,184,100,100,SUCCEEDED,v1,27407.35,27480.34
RUN-20260529-COMMERCE_ORDERS,2026-05-29,COMMERCE_ORDERS,2026-05-29T02:00:00Z,2026-05-29T04:20:00Z,140,100,100,SUCCEEDED,v1,28229.62,28298.69
RUN-20260529-CAMPAIGN_SPEND,2026-05-29,CAMPAIGN_SPEND,2026-05-29T02:00:00Z,2026-05-29T03:41:00Z,101,100,100,SUCCEEDED,v1,24989.21,25006.63
RUN-20260530-WEB_EVENTS,2026-05-30,WEB_EVENTS,2026-05-30T02:00:00Z,2026-05-30T03:21:00Z,81,100,100,SUCCEEDED,v1,25567.42,25618.89
RUN-20260530-CRM_LEADS,2026-05-30,CRM_LEADS,2026-05-30T02:00:00Z,2026-05-30T04:16:00Z,136,100,100,SUCCEEDED,v1,25302.0,25329.92
RUN-20260530-COMMERCE_ORDERS,2026-05-30,COMMERCE_ORDERS,2026-05-30T02:00:00Z,2026-05-30T03:01:00Z,61,100,100,SUCCEEDED,v1,24991.62,25014.44
RUN-20260530-CAMPAIGN_SPEND,2026-05-30,CAMPAIGN_SPEND,2026-05-30T02:00:00Z,2026-05-30T03:52:00Z,112,100,100,SUCCEEDED,v1,26627.09,26702.29
RUN-20260531-WEB_EVENTS,2026-05-31,WEB_EVENTS,2026-05-31T02:00:00Z,2026-05-31T04:37:00Z,157,100,100,SUCCEEDED,v1,26075.83,26087.23
RUN-20260531-CRM_LEADS,2026-05-31,CRM_LEADS,2026-05-31T02:00:00Z,2026-05-31T03:01:00Z,61,100,100,SUCCEEDED,v1,25887.82,25966.84
RUN-20260531-COMMERCE_ORDERS,2026-05-31,COMMERCE_ORDERS,2026-05-31T02:00:00Z,2026-05-31T04:50:00Z,170,100,100,SUCCEEDED,v1,24489.32,24555.18
RUN-20260531-CAMPAIGN_SPEND,2026-05-31,CAMPAIGN_SPEND,2026-05-31T02:00:00Z,2026-05-31T04:16:00Z,136,100,100,SUCCEEDED,v1,25322.33,25380.29
RUN-20260601-WEB_EVENTS,2026-06-01,WEB_EVENTS,2026-06-01T02:00:00Z,2026-06-01T04:12:00Z,132,100,100,SUCCEEDED,v1,26156.95,26172.3
RUN-20260601-CRM_LEADS,2026-06-01,CRM_LEADS,2026-06-01T02:00:00Z,2026-06-01T03:07:00Z,67,100,100,SUCCEEDED,v1,27418.03,27431.74
RUN-20260601-COMMERCE_ORDERS,2026-06-01,COMMERCE_ORDERS,2026-06-01T02:00:00Z,2026-06-01T05:02:00Z,182,100,100,SUCCEEDED,v1,25652.27,25726.29
RUN-20260601-CAMPAIGN_SPEND,2026-06-01,CAMPAIGN_SPEND,2026-06-01T02:00:00Z,2026-06-01T03:21:00Z,81,100,100,SUCCEEDED,v1,22915.23,22970.87
RUN-20260602-WEB_EVENTS,2026-06-02,WEB_EVENTS,2026-06-02T02:00:00Z,2026-06-02T04:43:00Z,163,100,100,SUCCEEDED,v1,24114.73,24169.94
RUN-20260602-CRM_LEADS,2026-06-02,CRM_LEADS,2026-06-02T02:00:00Z,2026-06-02T03:21:00Z,81,100,100,SUCCEEDED,v1,26572.39,26618.34
RUN-20260602-COMMERCE_ORDERS,2026-06-02,COMMERCE_ORDERS,2026-06-02T02:00:00Z,2026-06-02T03:17:00Z,77,100,100,SUCCEEDED,v1,25892.07,25919.1
RUN-20260602-CAMPAIGN_SPEND,2026-06-02,CAMPAIGN_SPEND,2026-06-02T02:00:00Z,2026-06-02T04:42:00Z,162,100,100,SUCCEEDED,v1,25383.83,25422.47
RUN-20260603-WEB_EVENTS,2026-06-03,WEB_EVENTS,2026-06-03T02:00:00Z,2026-06-03T02:57:00Z,57,100,100,SUCCEEDED,v1,26137.33,26152.36
RUN-20260603-CRM_LEADS,2026-06-03,CRM_LEADS,2026-06-03T02:00:00Z,2026-06-03T10:40:00Z,520,100,58,SUCCEEDED,v1,13939.6,19808.17
RUN-20260603-COMMERCE_ORDERS,2026-06-03,COMMERCE_ORDERS,2026-06-03T02:00:00Z,2026-06-03T03:57:00Z,117,100,100,SUCCEEDED,v1,24713.77,24745.16
RUN-20260603-CAMPAIGN_SPEND,2026-06-03,CAMPAIGN_SPEND,2026-06-03T02:00:00Z,2026-06-03T04:29:00Z,149,100,100,SUCCEEDED,v1,25666.97,25693.11
RUN-20260604-WEB_EVENTS,2026-06-04,WEB_EVENTS,2026-06-04T02:00:00Z,2026-06-04T03:11:00Z,71,100,100,SUCCEEDED,v1,24491.72,24559.86
RUN-20260604-CRM_LEADS,2026-06-04,CRM_LEADS,2026-06-04T02:00:00Z,2026-06-04T03:58:00Z,118,100,100,SUCCEEDED,v1,24956.51,25020.21
RUN-20260604-COMMERCE_ORDERS,2026-06-04,COMMERCE_ORDERS,2026-06-04T02:00:00Z,2026-06-04T03:04:00Z,64,100,100,SUCCEEDED,v1,27134.54,27158.93
RUN-20260604-CAMPAIGN_SPEND,2026-06-04,CAMPAIGN_SPEND,2026-06-04T02:00:00Z,2026-06-04T03:33:00Z,93,100,100,SUCCEEDED,v1,27609.55,27645.72
RUN-20260605-WEB_EVENTS,2026-06-05,WEB_EVENTS,2026-06-05T02:00:00Z,2026-06-05T04:22:00Z,142,100,100,SUCCEEDED,v1,25629.9,25711.63
RUN-20260605-CRM_LEADS,2026-06-05,CRM_LEADS,2026-06-05T02:00:00Z,2026-06-05T03:46:00Z,106,100,100,SUCCEEDED,v1,27590.86,27611.36
RUN-20260605-COMMERCE_ORDERS,2026-06-05,COMMERCE_ORDERS,2026-06-05T02:00:00Z,2026-06-05T03:11:00Z,71,100,100,SUCCEEDED,v1,26669.14,26697.62
RUN-20260605-CAMPAIGN_SPEND,2026-06-05,CAMPAIGN_SPEND,2026-06-05T02:00:00Z,2026-06-05T04:35:00Z,155,100,100,SUCCEEDED,v1,27075.12,27130.62
RUN-20260606-WEB_EVENTS,2026-06-06,WEB_EVENTS,2026-06-06T02:00:00Z,2026-06-06T03:05:00Z,65,100,100,SUCCEEDED,v1,27166.55,27216.21
RUN-20260606-CRM_LEADS,2026-06-06,CRM_LEADS,2026-06-06T02:00:00Z,2026-06-06T04:57:00Z,177,100,100,SUCCEEDED,v1,25760.8,25840.94
RUN-20260606-COMMERCE_ORDERS,2026-06-06,COMMERCE_ORDERS,2026-06-06T02:00:00Z,2026-06-06T03:24:00Z,84,100,100,SUCCEEDED,v1,26362.65,26426.59
RUN-20260606-CAMPAIGN_SPEND,2026-06-06,CAMPAIGN_SPEND,2026-06-06T02:00:00Z,2026-06-06T04:54:00Z,174,100,100,SUCCEEDED,v1,27115.85,27143.27
RUN-20260607-WEB_EVENTS,2026-06-07,WEB_EVENTS,2026-06-07T02:00:00Z,2026-06-07T03:02:00Z,62,100,100,SUCCEEDED,v1,24159.77,24199.73
RUN-20260607-CRM_LEADS,2026-06-07,CRM_LEADS,2026-06-07T02:00:00Z,2026-06-07T03:35:00Z,95,100,100,SUCCEEDED,v1,24155.82,24212.61
RUN-20260607-COMMERCE_ORDERS,2026-06-07,COMMERCE_ORDERS,2026-06-07T02:00:00Z,2026-06-07T03:48:00Z,108,100,100,SUCCEEDED,v1,26663.34,26694.61
RUN-20260607-CAMPAIGN_SPEND,2026-06-07,CAMPAIGN_SPEND,2026-06-07T02:00:00Z,2026-06-07T02:56:00Z,56,100,100,SUCCEEDED,v1,24735.16,24760.13
RUN-20260608-WEB_EVENTS,2026-06-08,WEB_EVENTS,2026-06-08T02:00:00Z,2026-06-08T04:04:00Z,124,100,100,SUCCEEDED,v1,26326.31,26378.34
RUN-20260608-CRM_LEADS,2026-06-08,CRM_LEADS,2026-06-08T02:00:00Z,2026-06-08T04:40:00Z,160,100,100,SUCCEEDED,v1,26219.53,26250.98
RUN-20260608-COMMERCE_ORDERS,2026-06-08,COMMERCE_ORDERS,2026-06-08T02:00:00Z,2026-06-08T04:14:00Z,134,100,100,SUCCEEDED,v1,27274.18,27294.22
RUN-20260608-CAMPAIGN_SPEND,2026-06-08,CAMPAIGN_SPEND,2026-06-08T02:00:00Z,2026-06-08T03:23:00Z,83,100,100,SUCCEEDED,v1,27750.87,27833.63
RUN-20260609-WEB_EVENTS,2026-06-09,WEB_EVENTS,2026-06-09T02:00:00Z,2026-06-09T04:26:00Z,146,100,100,SUCCEEDED,v1,26075.0,26102.44
RUN-20260609-CRM_LEADS,2026-06-09,CRM_LEADS,2026-06-09T02:00:00Z,2026-06-09T03:35:00Z,95,100,100,SUCCEEDED,v1,28012.42,28056.14
RUN-20260609-COMMERCE_ORDERS,2026-06-09,COMMERCE_ORDERS,2026-06-09T02:00:00Z,2026-06-09T04:42:00Z,162,100,100,SUCCEEDED,v1,26764.72,26803.04
RUN-20260609-CAMPAIGN_SPEND,2026-06-09,CAMPAIGN_SPEND,2026-06-09T02:00:00Z,2026-06-09T04:20:00Z,140,100,100,SUCCEEDED,v1,25818.2,25838.17
RUN-20260610-WEB_EVENTS,2026-06-10,WEB_EVENTS,2026-06-10T02:00:00Z,2026-06-10T04:52:00Z,172,100,100,SUCCEEDED,v1,27658.64,27700.84
RUN-20260610-CRM_LEADS,2026-06-10,CRM_LEADS,2026-06-10T02:00:00Z,2026-06-10T03:57:00Z,117,100,100,SUCCEEDED,v1,27064.61,27112.57
RUN-20260610-COMMERCE_ORDERS,2026-06-10,COMMERCE_ORDERS,2026-06-10T02:00:00Z,2026-06-10T03:14:00Z,74,100,100,SUCCEEDED,v1,24541.22,24561.25
RUN-20260610-CAMPAIGN_SPEND,2026-06-10,CAMPAIGN_SPEND,2026-06-10T02:00:00Z,2026-06-10T04:24:00Z,144,100,100,SUCCEEDED,v1,27496.66,27575.33
RUN-20260611-WEB_EVENTS,2026-06-11,WEB_EVENTS,2026-06-11T02:00:00Z,2026-06-11T03:25:00Z,85,100,100,SUCCEEDED,v1,24966.37,25006.77
RUN-20260611-CRM_LEADS,2026-06-11,CRM_LEADS,2026-06-11T02:00:00Z,2026-06-11T03:54:00Z,114,100,100,SUCCEEDED,v1,25854.17,25897.19
RUN-20260611-COMMERCE_ORDERS,2026-06-11,COMMERCE_ORDERS,2026-06-11T02:00:00Z,2026-06-11T04:35:00Z,155,100,100,SUCCEEDED,v1,26583.71,26603.11
RUN-20260611-CAMPAIGN_SPEND,2026-06-11,CAMPAIGN_SPEND,2026-06-11T02:00:00Z,2026-06-11T02:55:00Z,55,100,100,SUCCEEDED,v1,25110.41,25127.52
RUN-20260612-WEB_EVENTS,2026-06-12,WEB_EVENTS,2026-06-12T02:00:00Z,2026-06-12T04:49:00Z,169,100,100,SUCCEEDED,v1,27515.4,27535.34
RUN-20260612-CRM_LEADS,2026-06-12,CRM_LEADS,2026-06-12T02:00:00Z,2026-06-12T03:22:00Z,82,100,100,SUCCEEDED,v1,26517.91,26560.7
RUN-20260612-COMMERCE_ORDERS,2026-06-12,COMMERCE_ORDERS,2026-06-12T02:00:00Z,2026-06-12T04:00:00Z,120,100,100,SUCCEEDED,v1,26899.21,26973.72
RUN-20260612-CAMPAIGN_SPEND,2026-06-12,CAMPAIGN_SPEND,2026-06-12T02:00:00Z,2026-06-12T04:52:00Z,172,100,100,SUCCEEDED,v1,24387.67,24445.06
RUN-20260613-WEB_EVENTS,2026-06-13,WEB_EVENTS,2026-06-13T02:00:00Z,2026-06-13T04:34:00Z,154,100,100,SUCCEEDED,v1,26506.63,26579.3
RUN-20260613-CRM_LEADS,2026-06-13,CRM_LEADS,2026-06-13T02:00:00Z,2026-06-13T03:36:00Z,96,100,100,SUCCEEDED,v1,26728.24,26790.02
RUN-20260613-COMMERCE_ORDERS,2026-06-13,COMMERCE_ORDERS,2026-06-13T02:00:00Z,2026-06-13T03:03:00Z,63,100,100,SUCCEEDED,v1,24883.57,24919.77
RUN-20260613-CAMPAIGN_SPEND,2026-06-13,CAMPAIGN_SPEND,2026-06-13T02:00:00Z,2026-06-13T03:43:00Z,103,100,100,SUCCEEDED,v1,25753.73,25827.86
RUN-20260614-WEB_EVENTS,2026-06-14,WEB_EVENTS,2026-06-14T02:00:00Z,2026-06-14T03:54:00Z,114,100,100,SUCCEEDED,v1,25533.26,25576.39
RUN-20260614-CRM_LEADS,2026-06-14,CRM_LEADS,2026-06-14T02:00:00Z,2026-06-14T04:22:00Z,142,100,100,SUCCEEDED,v1,30195.31,30282.41
RUN-20260614-COMMERCE_ORDERS,2026-06-14,COMMERCE_ORDERS,2026-06-14T02:00:00Z,2026-06-14T03:16:00Z,76,100,100,SUCCEEDED,v1,24534.99,24550.77
RUN-20260614-CAMPAIGN_SPEND,2026-06-14,CAMPAIGN_SPEND,2026-06-14T02:00:00Z,2026-06-14T03:44:00Z,104,100,100,SUCCEEDED,v1,25935.81,26010.17
RUN-20260615-WEB_EVENTS,2026-06-15,WEB_EVENTS,2026-06-15T02:00:00Z,2026-06-15T05:02:00Z,182,100,100,SUCCEEDED,v1,24385.99,24413.1
RUN-20260615-CRM_LEADS,2026-06-15,CRM_LEADS,2026-06-15T02:00:00Z,2026-06-15T03:41:00Z,101,100,100,SUCCEEDED,v1,25934.88,25986.25
RUN-20260615-COMMERCE_ORDERS,2026-06-15,COMMERCE_ORDERS,2026-06-15T02:00:00Z,2026-06-15T04:41:00Z,161,100,100,SUCCEEDED,v1,24126.74,24154.54
RUN-20260615-CAMPAIGN_SPEND,2026-06-15,CAMPAIGN_SPEND,2026-06-15T02:00:00Z,2026-06-15T04:54:00Z,174,100,100,SUCCEEDED,v1,30263.7,30344.45
RUN-20260616-WEB_EVENTS,2026-06-16,WEB_EVENTS,2026-06-16T02:00:00Z,2026-06-16T05:02:00Z,182,100,100,SUCCEEDED,v1,25218.89,25264.27
RUN-20260616-CRM_LEADS,2026-06-16,CRM_LEADS,2026-06-16T02:00:00Z,2026-06-16T04:54:00Z,174,100,100,SUCCEEDED,v1,28568.49,28605.34
RUN-20260616-COMMERCE_ORDERS,2026-06-16,COMMERCE_ORDERS,2026-06-16T02:00:00Z,2026-06-16T03:31:00Z,91,100,100,SUCCEEDED,v1,27295.06,27370.22
RUN-20260616-CAMPAIGN_SPEND,2026-06-16,CAMPAIGN_SPEND,2026-06-16T02:00:00Z,2026-06-16T03:08:00Z,68,100,100,SUCCEEDED,v1,25275.16,25354.65
RUN-20260617-WEB_EVENTS,2026-06-17,WEB_EVENTS,2026-06-17T02:00:00Z,2026-06-17T04:38:00Z,158,100,100,SUCCEEDED,v1,24721.92,24749.05
RUN-20260617-CRM_LEADS,2026-06-17,CRM_LEADS,2026-06-17T02:00:00Z,2026-06-17T04:01:00Z,121,100,100,SUCCEEDED,v1,26374.48,26429.77
RUN-20260617-COMMERCE_ORDERS,2026-06-17,COMMERCE_ORDERS,2026-06-17T02:00:00Z,2026-06-17T02:56:00Z,56,100,100,SUCCEEDED,v2-order,25348.57,25880.89
RUN-20260617-CAMPAIGN_SPEND,2026-06-17,CAMPAIGN_SPEND,2026-06-17T02:00:00Z,2026-06-17T04:06:00Z,126,100,100,SUCCEEDED,v1,26790.27,26815.55
RUN-20260618-WEB_EVENTS,2026-06-18,WEB_EVENTS,2026-06-18T02:00:00Z,2026-06-18T04:29:00Z,149,100,100,SUCCEEDED,v1,24834.47,24857.29
RUN-20260618-CRM_LEADS,2026-06-18,CRM_LEADS,2026-06-18T02:00:00Z,2026-06-18T04:37:00Z,157,100,100,SUCCEEDED,v1,27246.97,27289.96
RUN-20260618-COMMERCE_ORDERS,2026-06-18,COMMERCE_ORDERS,2026-06-18T02:00:00Z,2026-06-18T04:34:00Z,154,100,100,SUCCEEDED,v2-order,25002.98,25528.04
RUN-20260618-CAMPAIGN_SPEND,2026-06-18,CAMPAIGN_SPEND,2026-06-18T02:00:00Z,2026-06-18T04:12:00Z,132,100,100,SUCCEEDED,v1,25920.77,25970.5
RUN-20260619-WEB_EVENTS,2026-06-19,WEB_EVENTS,2026-06-19T02:00:00Z,2026-06-19T04:35:00Z,155,100,100,SUCCEEDED,v1,24872.61,24919.06
RUN-20260619-CRM_LEADS,2026-06-19,CRM_LEADS,2026-06-19T02:00:00Z,2026-06-19T02:55:00Z,55,100,100,SUCCEEDED,v1,23911.58,23988.07
RUN-20260619-COMMERCE_ORDERS,2026-06-19,COMMERCE_ORDERS,2026-06-19T02:00:00Z,2026-06-19T02:57:00Z,57,100,100,SUCCEEDED,v1,25351.62,25382.73
RUN-20260619-CAMPAIGN_SPEND,2026-06-19,CAMPAIGN_SPEND,2026-06-19T02:00:00Z,2026-06-19T04:32:00Z,152,100,100,SUCCEEDED,v1,27082.97,27098.57
RUN-20260620-WEB_EVENTS,2026-06-20,WEB_EVENTS,2026-06-20T02:00:00Z,2026-06-20T04:50:00Z,170,100,100,SUCCEEDED,v1,25152.4,25172.09
RUN-20260620-CRM_LEADS,2026-06-20,CRM_LEADS,2026-06-20T02:00:00Z,2026-06-20T05:03:00Z,183,100,100,SUCCEEDED,v1,27079.52,27131.97
RUN-20260620-COMMERCE_ORDERS,2026-06-20,COMMERCE_ORDERS,2026-06-20T02:00:00Z,2026-06-20T03:02:00Z,62,100,100,SUCCEEDED,v1,26433.84,26506.07
RUN-20260620-CAMPAIGN_SPEND,2026-06-20,CAMPAIGN_SPEND,2026-06-20T02:00:00Z,2026-06-20T04:59:00Z,179,100,100,SUCCEEDED,v1,24729.33,24795.32
RUN-20260621-WEB_EVENTS,2026-06-21,WEB_EVENTS,2026-06-21T02:00:00Z,2026-06-21T03:15:00Z,75,100,100,SUCCEEDED,v1,26556.73,26567.71
RUN-20260621-CRM_LEADS,2026-06-21,CRM_LEADS,2026-06-21T02:00:00Z,2026-06-21T04:20:00Z,140,100,100,SUCCEEDED,v1,26243.3,26316.81
RUN-20260621-COMMERCE_ORDERS,2026-06-21,COMMERCE_ORDERS,2026-06-21T02:00:00Z,2026-06-21T04:32:00Z,152,100,100,SUCCEEDED,v1,24410.38,24486.4
RUN-20260621-CAMPAIGN_SPEND,2026-06-21,CAMPAIGN_SPEND,2026-06-21T02:00:00Z,2026-06-21T03:55:00Z,115,100,100,SUCCEEDED,v1,25575.82,25656.65
RUN-20260622-WEB_EVENTS,2026-06-22,WEB_EVENTS,2026-06-22T02:00:00Z,2026-06-22T04:26:00Z,146,100,100,SUCCEEDED,v1,27545.82,27590.41
RUN-20260622-CRM_LEADS,2026-06-22,CRM_LEADS,2026-06-22T02:00:00Z,2026-06-22T04:33:00Z,153,100,100,SUCCEEDED,v1,26398.38,26445.36
RUN-20260622-COMMERCE_ORDERS,2026-06-22,COMMERCE_ORDERS,2026-06-22T02:00:00Z,2026-06-22T04:27:00Z,147,100,100,SUCCEEDED,v1,25707.66,25728.54
RUN-20260622-CAMPAIGN_SPEND,2026-06-22,CAMPAIGN_SPEND,2026-06-22T02:00:00Z,2026-06-22T04:11:00Z,131,100,100,SUCCEEDED,v1,24992.27,25011.81
RUN-20260623-WEB_EVENTS,2026-06-23,WEB_EVENTS,2026-06-23T02:00:00Z,2026-06-23T04:11:00Z,131,100,100,SUCCEEDED,v1,27236.23,27254.8
RUN-20260623-CRM_LEADS,2026-06-23,CRM_LEADS,2026-06-23T02:00:00Z,2026-06-23T04:46:00Z,166,100,100,SUCCEEDED,v1,27259.22,27287.75
RUN-20260623-COMMERCE_ORDERS,2026-06-23,COMMERCE_ORDERS,2026-06-23T02:00:00Z,2026-06-23T03:48:00Z,108,100,100,SUCCEEDED,v1,24087.52,24116.56
RUN-20260623-CAMPAIGN_SPEND,2026-06-23,CAMPAIGN_SPEND,2026-06-23T02:00:00Z,2026-06-23T04:36:00Z,156,100,100,SUCCEEDED,v1,27654.46,27719.9
RUN-20260624-WEB_EVENTS,2026-06-24,WEB_EVENTS,2026-06-24T02:00:00Z,2026-06-24T04:35:00Z,155,100,100,SUCCEEDED,v1,29508.89,29555.58
RUN-20260624-CRM_LEADS,2026-06-24,CRM_LEADS,2026-06-24T02:00:00Z,2026-06-24T02:55:00Z,55,100,100,SUCCEEDED,v1,24726.86,24767.05
RUN-20260624-COMMERCE_ORDERS,2026-06-24,COMMERCE_ORDERS,2026-06-24T02:00:00Z,2026-06-24T03:54:00Z,114,100,100,SUCCEEDED,v1,26043.96,26111.05
RUN-20260624-CAMPAIGN_SPEND,2026-06-24,CAMPAIGN_SPEND,2026-06-24T02:00:00Z,2026-06-24T03:46:00Z,106,100,100,SUCCEEDED,v1,27922.18,27954.63
RUN-20260625-WEB_EVENTS,2026-06-25,WEB_EVENTS,2026-06-25T02:00:00Z,2026-06-25T03:48:00Z,108,100,100,SUCCEEDED,v1,25364.29,25439.0
RUN-20260625-CRM_LEADS,2026-06-25,CRM_LEADS,2026-06-25T02:00:00Z,2026-06-25T03:02:00Z,62,100,100,SUCCEEDED,v1,25436.6,25465.6
RUN-20260625-COMMERCE_ORDERS,2026-06-25,COMMERCE_ORDERS,2026-06-25T02:00:00Z,2026-06-25T03:14:00Z,74,100,100,SUCCEEDED,v1,28327.42,28355.37
RUN-20260625-CAMPAIGN_SPEND,2026-06-25,CAMPAIGN_SPEND,2026-06-25T02:00:00Z,2026-06-25T03:22:00Z,82,100,100,SUCCEEDED,v1,24685.14,24753.22
RUN-20260626-WEB_EVENTS,2026-06-26,WEB_EVENTS,2026-06-26T02:00:00Z,2026-06-26T04:46:00Z,166,100,100,SUCCEEDED,v1,25323.68,25345.82
RUN-20260626-CRM_LEADS,2026-06-26,CRM_LEADS,2026-06-26T02:00:00Z,2026-06-26T03:31:00Z,91,100,100,SUCCEEDED,v1,26444.99,26498.6
RUN-20260626-COMMERCE_ORDERS,2026-06-26,COMMERCE_ORDERS,2026-06-26T02:00:00Z,2026-06-26T03:28:00Z,88,100,100,SUCCEEDED,v1,25873.82,25899.93
RUN-20260626-CAMPAIGN_SPEND,2026-06-26,CAMPAIGN_SPEND,2026-06-26T02:00:00Z,2026-06-26T03:38:00Z,98,100,100,SUCCEEDED,v1,27164.02,27209.31
RUN-20260627-WEB_EVENTS,2026-06-27,WEB_EVENTS,2026-06-27T02:00:00Z,2026-06-27T04:47:00Z,167,100,100,SUCCEEDED,v1,25760.04,25777.3
RUN-20260627-CRM_LEADS,2026-06-27,CRM_LEADS,2026-06-27T02:00:00Z,2026-06-27T03:46:00Z,106,100,100,SUCCEEDED,v1,27113.88,27196.84
RUN-20260627-COMMERCE_ORDERS,2026-06-27,COMMERCE_ORDERS,2026-06-27T02:00:00Z,2026-06-27T03:48:00Z,108,100,100,SUCCEEDED,v1,27475.06,27500.38
RUN-20260627-CAMPAIGN_SPEND,2026-06-27,CAMPAIGN_SPEND,2026-06-27T02:00:00Z,2026-06-27T03:01:00Z,61,100,100,SUCCEEDED,v1,24748.87,24827.23
RUN-20260628-WEB_EVENTS,2026-06-28,WEB_EVENTS,2026-06-28T02:00:00Z,2026-06-28T03:58:00Z,118,100,100,SUCCEEDED,v1,25324.01,25334.95
RUN-20260628-CRM_LEADS,2026-06-28,CRM_LEADS,2026-06-28T02:00:00Z,2026-06-28T05:00:00Z,180,100,100,SUCCEEDED,v1,28804.16,28875.49
RUN-20260628-COMMERCE_ORDERS,2026-06-28,COMMERCE_ORDERS,2026-06-28T02:00:00Z,2026-06-28T03:22:00Z,82,100,100,SUCCEEDED,v1,23637.99,23678.37
RUN-20260628-CAMPAIGN_SPEND,2026-06-28,CAMPAIGN_SPEND,2026-06-28T02:00:00Z,2026-06-28T04:56:00Z,176,100,100,SUCCEEDED,v3-governance-pending,26389.13,26455.66
RUN-20260629-WEB_EVENTS,2026-06-29,WEB_EVENTS,2026-06-29T02:00:00Z,2026-06-29T04:32:00Z,152,100,100,SUCCEEDED,v1,26311.94,26333.51
RUN-20260629-CRM_LEADS,2026-06-29,CRM_LEADS,2026-06-29T02:00:00Z,2026-06-29T04:58:00Z,178,100,100,SUCCEEDED,v1,24654.23,24700.13
RUN-20260629-COMMERCE_ORDERS,2026-06-29,COMMERCE_ORDERS,2026-06-29T02:00:00Z,2026-06-29T03:30:00Z,90,100,100,SUCCEEDED,v1,25041.45,25121.09
RUN-20260629-CAMPAIGN_SPEND,2026-06-29,CAMPAIGN_SPEND,2026-06-29T02:00:00Z,2026-06-29T04:58:00Z,178,100,100,SUCCEEDED,v3-governance-pending,25173.94,25209.78
RUN-20260630-WEB_EVENTS,2026-06-30,WEB_EVENTS,2026-06-30T02:00:00Z,2026-06-30T03:17:00Z,77,100,100,SUCCEEDED,v1,26302.86,26324.72
RUN-20260630-CRM_LEADS,2026-06-30,CRM_LEADS,2026-06-30T02:00:00Z,2026-06-30T04:13:00Z,133,100,100,SUCCEEDED,v1,27703.16,27762.73
RUN-20260630-COMMERCE_ORDERS,2026-06-30,COMMERCE_ORDERS,2026-06-30T02:00:00Z,2026-06-30T04:33:00Z,153,100,100,SUCCEEDED,v1,26446.89,26475.23
RUN-20260630-CAMPAIGN_SPEND,2026-06-30,CAMPAIGN_SPEND,2026-06-30T02:00:00Z,2026-06-30T04:49:00Z,169,100,100,SUCCEEDED,v3-governance-pending,27474.63,27497.85
