account_id,usage_date,active_users,successful_syncs,data_acceptance_rate,key_workflows_completed
ACCT-001,2025-09-12,2,0,0.91,0
ACCT-001,2025-09-13,2,0,0.91,0
ACCT-001,2025-09-14,2,1,0.91,0
ACCT-001,2025-09-15,3,1,0.91,0
ACCT-001,2025-09-16,3,1,0.96,0
ACCT-001,2025-09-17,3,1,0.96,1
ACCT-001,2025-09-18,4,1,0.96,1
ACCT-001,2025-09-19,4,1,0.96,1
ACCT-001,2025-09-20,4,1,0.96,1
ACCT-001,2025-09-21,5,1,0.96,1
ACCT-001,2025-09-22,5,1,0.96,1
ACCT-001,2025-09-23,5,1,0.96,1
ACCT-001,2025-09-24,6,1,0.96,1
ACCT-001,2025-09-25,6,1,0.96,1
ACCT-001,2025-09-26,6,1,0.96,1
ACCT-001,2025-09-27,7,1,0.96,1
ACCT-001,2025-09-28,7,1,0.96,1
ACCT-001,2025-09-29,7,1,0.96,1
ACCT-001,2025-09-30,8,1,0.96,1
ACCT-001,2025-10-01,8,1,0.96,1
ACCT-001,2025-10-02,8,1,0.96,1
ACCT-001,2025-10-03,8,1,0.96,1
ACCT-001,2025-10-04,8,1,0.96,1
ACCT-001,2025-10-05,8,1,0.96,1
ACCT-001,2025-10-06,8,1,0.96,1
ACCT-001,2025-10-07,8,1,0.96,1
ACCT-001,2025-10-08,8,1,0.96,1
ACCT-001,2025-10-09,8,1,0.96,1
ACCT-001,2025-10-10,8,1,0.96,1
ACCT-001,2025-10-11,8,1,0.96,1
ACCT-002,2025-09-13,3,0,0.91,0
ACCT-002,2025-09-14,3,0,0.91,0
ACCT-002,2025-09-15,3,1,0.91,0
ACCT-002,2025-09-16,4,1,0.91,0
ACCT-002,2025-09-17,4,1,0.96,0
ACCT-002,2025-09-18,4,1,0.96,1
ACCT-002,2025-09-19,5,1,0.96,1
ACCT-002,2025-09-20,5,1,0.96,1
ACCT-002,2025-09-21,5,1,0.96,1
ACCT-002,2025-09-22,6,1,0.96,1
ACCT-002,2025-09-23,6,1,0.96,1
ACCT-002,2025-09-24,6,1,0.96,1
ACCT-002,2025-09-25,7,1,0.96,1
ACCT-002,2025-09-26,7,1,0.96,1
ACCT-002,2025-09-27,7,1,0.96,1
ACCT-002,2025-09-28,8,1,0.96,1
ACCT-002,2025-09-29,8,1,0.96,1
ACCT-002,2025-09-30,8,1,0.96,1
ACCT-002,2025-10-01,8,1,0.96,1
ACCT-002,2025-10-02,8,1,0.96,1
ACCT-002,2025-10-03,8,1,0.96,1
ACCT-002,2025-10-04,8,1,0.96,1
ACCT-002,2025-10-05,8,1,0.96,1
ACCT-002,2025-10-06,8,1,0.96,1
ACCT-002,2025-10-07,8,1,0.96,1
ACCT-002,2025-10-08,8,1,0.96,1
ACCT-002,2025-10-09,8,1,0.96,1
ACCT-002,2025-10-10,8,1,0.96,1
ACCT-002,2025-10-11,8,1,0.96,1
ACCT-002,2025-10-12,8,1,0.96,1
ACCT-003,2025-10-13,1,0,0.91,0
ACCT-003,2025-10-14,1,0,0.91,0
ACCT-003,2025-10-15,1,1,0.91,0
ACCT-003,2025-10-16,2,1,0.91,0
ACCT-003,2025-10-17,2,1,0.96,0
ACCT-003,2025-10-18,2,1,0.96,1
ACCT-003,2025-10-19,3,1,0.96,1
ACCT-003,2025-10-20,3,1,0.96,1
ACCT-003,2025-10-21,3,1,0.96,1
ACCT-003,2025-10-22,4,1,0.96,1
ACCT-003,2025-10-23,4,1,0.96,1
ACCT-003,2025-10-24,4,1,0.96,1
ACCT-003,2025-10-25,5,1,0.96,1
ACCT-003,2025-10-26,5,1,0.96,1
ACCT-003,2025-10-27,5,1,0.96,1
ACCT-003,2025-10-28,6,1,0.96,1
ACCT-003,2025-10-29,6,1,0.96,1
ACCT-003,2025-10-30,6,1,0.96,1
ACCT-003,2025-10-31,7,1,0.96,1
ACCT-003,2025-11-01,7,1,0.96,1
ACCT-003,2025-11-02,7,1,0.96,1
ACCT-003,2025-11-03,8,1,0.96,1
ACCT-003,2025-11-04,8,1,0.96,1
ACCT-003,2025-11-05,8,1,0.96,1
ACCT-003,2025-11-06,8,1,0.96,1
ACCT-003,2025-11-07,8,1,0.96,1
ACCT-003,2025-11-08,8,1,0.96,1
ACCT-003,2025-11-09,8,1,0.96,1
ACCT-003,2025-11-10,8,1,0.96,1
ACCT-003,2025-11-11,8,1,0.96,1
ACCT-004,2025-10-01,2,0,0.91,0
ACCT-004,2025-10-02,2,0,0.91,0
ACCT-004,2025-10-03,2,1,0.91,0
ACCT-004,2025-10-04,3,1,0.91,0
ACCT-004,2025-10-05,3,1,0.96,0
ACCT-004,2025-10-06,3,1,0.96,1
ACCT-004,2025-10-07,4,1,0.96,1
ACCT-004,2025-10-08,4,1,0.96,1
ACCT-004,2025-10-09,4,1,0.96,1
ACCT-004,2025-10-10,5,1,0.96,1
ACCT-004,2025-10-11,5,1,0.96,1
ACCT-004,2025-10-12,5,1,0.96,1
ACCT-004,2025-10-13,6,1,0.96,1
ACCT-004,2025-10-14,6,1,0.96,1
ACCT-004,2025-10-15,6,1,0.96,1
ACCT-004,2025-10-16,7,1,0.96,1
ACCT-004,2025-10-17,7,1,0.96,1
ACCT-004,2025-10-18,7,1,0.96,1
ACCT-004,2025-10-19,8,1,0.96,1
ACCT-004,2025-10-20,8,1,0.96,1
ACCT-004,2025-10-21,8,1,0.96,1
ACCT-004,2025-10-22,8,1,0.96,1
ACCT-004,2025-10-23,8,1,0.96,1
ACCT-004,2025-10-24,8,1,0.96,1
ACCT-004,2025-10-25,8,1,0.96,1
ACCT-004,2025-10-26,8,1,0.96,1
ACCT-004,2025-10-27,8,1,0.96,1
ACCT-004,2025-10-28,8,1,0.96,1
ACCT-004,2025-10-29,8,1,0.96,1
ACCT-004,2025-10-30,8,1,0.96,1
ACCT-005,2025-11-16,3,0,0.91,0
ACCT-005,2025-11-17,3,0,0.91,0
ACCT-005,2025-11-18,3,1,0.91,0
ACCT-005,2025-11-19,4,1,0.91,0
ACCT-005,2025-11-20,4,1,0.96,0
ACCT-005,2025-11-21,4,1,0.96,1
ACCT-005,2025-11-22,5,1,0.96,1
ACCT-005,2025-11-23,5,1,0.96,1
ACCT-005,2025-11-24,5,1,0.96,1
ACCT-005,2025-11-25,6,1,0.96,1
ACCT-005,2025-11-26,6,1,0.96,1
ACCT-005,2025-11-27,6,1,0.96,1
ACCT-005,2025-11-28,7,1,0.96,1
ACCT-005,2025-11-29,7,1,0.96,1
ACCT-005,2025-11-30,7,1,0.96,1
ACCT-005,2025-12-01,8,1,0.96,1
ACCT-005,2025-12-02,8,1,0.96,1
ACCT-005,2025-12-03,8,1,0.96,1
ACCT-005,2025-12-04,8,1,0.96,1
ACCT-005,2025-12-05,8,1,0.96,1
ACCT-005,2025-12-06,8,1,0.96,1
ACCT-005,2025-12-07,8,1,0.96,1
ACCT-005,2025-12-08,8,1,0.96,1
ACCT-005,2025-12-09,8,1,0.96,1
ACCT-005,2025-12-10,8,1,0.96,1
ACCT-005,2025-12-11,8,1,0.96,1
ACCT-005,2025-12-12,8,1,0.96,1
ACCT-005,2025-12-13,8,1,0.96,1
ACCT-005,2025-12-14,8,1,0.96,1
ACCT-005,2025-12-15,8,1,0.96,1
ACCT-006,2025-10-17,1,0,0.91,0
ACCT-006,2025-10-18,1,0,0.91,0
ACCT-006,2025-10-19,1,1,0.91,0
ACCT-006,2025-10-20,2,1,0.91,0
ACCT-006,2025-10-21,2,1,0.96,0
ACCT-006,2025-10-22,2,1,0.96,1
ACCT-006,2025-10-23,3,1,0.96,1
ACCT-006,2025-10-24,3,1,0.96,1
ACCT-006,2025-10-25,3,1,0.96,1
ACCT-006,2025-10-26,4,1,0.96,1
ACCT-006,2025-10-27,4,1,0.96,1
ACCT-006,2025-10-28,4,1,0.96,1
ACCT-006,2025-10-29,5,1,0.96,1
ACCT-006,2025-10-30,5,1,0.96,1
ACCT-006,2025-10-31,5,1,0.96,1
ACCT-006,2025-11-01,6,1,0.96,1
ACCT-006,2025-11-02,6,1,0.96,1
ACCT-006,2025-11-03,6,1,0.96,1
ACCT-006,2025-11-04,7,1,0.96,1
ACCT-006,2025-11-05,7,1,0.96,1
ACCT-006,2025-11-06,7,1,0.96,1
ACCT-006,2025-11-07,8,1,0.96,1
ACCT-006,2025-11-08,8,1,0.96,1
ACCT-006,2025-11-09,8,1,0.96,1
ACCT-006,2025-11-10,8,1,0.96,1
ACCT-006,2025-11-11,8,1,0.96,1
ACCT-006,2025-11-12,8,1,0.96,1
ACCT-006,2025-11-13,8,1,0.96,1
ACCT-006,2025-11-14,8,1,0.96,1
ACCT-006,2025-11-15,8,1,0.96,1
ACCT-007,2025-10-07,2,0,0.91,0
ACCT-007,2025-10-08,2,0,0.91,0
ACCT-007,2025-10-09,2,1,0.91,0
ACCT-007,2025-10-10,3,1,0.91,0
ACCT-007,2025-10-11,3,1,0.96,0
ACCT-007,2025-10-12,3,1,0.96,1
ACCT-007,2025-10-13,4,1,0.96,1
ACCT-007,2025-10-14,4,1,0.96,1
ACCT-007,2025-10-15,4,1,0.96,1
ACCT-007,2025-10-16,5,1,0.96,1
ACCT-007,2025-10-17,5,1,0.96,1
ACCT-007,2025-10-18,5,1,0.96,1
ACCT-007,2025-10-19,6,1,0.96,1
ACCT-007,2025-10-20,6,1,0.96,1
ACCT-007,2025-10-21,6,1,0.96,1
ACCT-007,2025-10-22,7,1,0.96,1
ACCT-007,2025-10-23,7,1,0.96,1
ACCT-007,2025-10-24,7,1,0.96,1
ACCT-007,2025-10-25,8,1,0.96,1
ACCT-007,2025-10-26,8,1,0.96,1
ACCT-007,2025-10-27,8,1,0.96,1
ACCT-007,2025-10-28,8,1,0.96,1
ACCT-007,2025-10-29,8,1,0.96,1
ACCT-007,2025-10-30,8,1,0.96,1
ACCT-007,2025-10-31,8,1,0.96,1
ACCT-007,2025-11-01,8,1,0.96,1
ACCT-007,2025-11-02,8,1,0.96,1
ACCT-007,2025-11-03,8,1,0.96,1
ACCT-007,2025-11-04,8,1,0.96,1
ACCT-007,2025-11-05,8,1,0.96,1
ACCT-008,2025-10-22,3,0,0.91,0
ACCT-008,2025-10-23,3,0,0.91,0
ACCT-008,2025-10-24,3,1,0.91,0
ACCT-008,2025-10-25,4,1,0.91,0
ACCT-008,2025-10-26,4,1,0.96,0
ACCT-008,2025-10-27,4,1,0.96,1
ACCT-008,2025-10-28,5,1,0.96,1
ACCT-008,2025-10-29,5,1,0.96,1
ACCT-008,2025-10-30,5,1,0.96,1
ACCT-008,2025-10-31,6,1,0.96,1
ACCT-008,2025-11-01,6,1,0.96,1
ACCT-008,2025-11-02,6,1,0.96,1
ACCT-008,2025-11-03,7,1,0.96,1
ACCT-008,2025-11-04,7,1,0.96,1
ACCT-008,2025-11-05,7,1,0.96,1
ACCT-008,2025-11-06,8,1,0.96,1
ACCT-008,2025-11-07,8,1,0.96,1
ACCT-008,2025-11-08,8,1,0.96,1
ACCT-008,2025-11-09,8,1,0.96,1
ACCT-008,2025-11-10,8,1,0.96,1
ACCT-008,2025-11-11,8,1,0.96,1
ACCT-008,2025-11-12,8,1,0.96,1
ACCT-008,2025-11-13,8,1,0.96,1
ACCT-008,2025-11-14,8,1,0.96,1
ACCT-008,2025-11-15,8,1,0.96,1
ACCT-008,2025-11-16,8,1,0.96,1
ACCT-008,2025-11-17,8,1,0.96,1
ACCT-008,2025-11-18,8,1,0.96,1
ACCT-008,2025-11-19,8,1,0.96,1
ACCT-008,2025-11-20,8,1,0.96,1
ACCT-009,2025-11-06,1,0,0.91,0
ACCT-009,2025-11-07,1,0,0.91,0
ACCT-009,2025-11-08,1,1,0.91,0
ACCT-009,2025-11-09,2,1,0.91,0
ACCT-009,2025-11-10,2,1,0.96,0
ACCT-009,2025-11-11,2,1,0.96,1
ACCT-009,2025-11-12,3,1,0.96,1
ACCT-009,2025-11-13,3,1,0.96,1
ACCT-009,2025-11-14,3,1,0.96,1
ACCT-009,2025-11-15,4,1,0.96,1
ACCT-009,2025-11-16,4,1,0.96,1
ACCT-009,2025-11-17,4,1,0.96,1
ACCT-009,2025-11-18,5,1,0.96,1
ACCT-009,2025-11-19,5,1,0.96,1
ACCT-009,2025-11-20,5,1,0.96,1
ACCT-009,2025-11-21,6,1,0.96,1
ACCT-009,2025-11-22,6,1,0.96,1
ACCT-009,2025-11-23,6,1,0.96,1
ACCT-009,2025-11-24,7,1,0.96,1
ACCT-009,2025-11-25,7,1,0.96,1
ACCT-009,2025-11-26,7,1,0.96,1
ACCT-009,2025-11-27,8,1,0.96,1
ACCT-009,2025-11-28,8,1,0.96,1
ACCT-009,2025-11-29,8,1,0.96,1
ACCT-009,2025-11-30,8,1,0.96,1
ACCT-009,2025-12-01,8,1,0.96,1
ACCT-009,2025-12-02,8,1,0.96,1
ACCT-009,2025-12-03,8,1,0.96,1
ACCT-009,2025-12-04,8,1,0.96,1
ACCT-009,2025-12-05,8,1,0.96,1
ACCT-010,2025-12-11,2,0,0.91,0
ACCT-010,2025-12-12,2,0,0.91,0
ACCT-010,2025-12-13,2,1,0.91,0
ACCT-010,2025-12-14,3,1,0.91,0
ACCT-010,2025-12-15,3,1,0.96,0
ACCT-010,2025-12-16,3,1,0.96,1
ACCT-010,2025-12-17,4,1,0.96,1
ACCT-010,2025-12-18,4,1,0.96,1
ACCT-010,2025-12-19,4,1,0.96,1
ACCT-010,2025-12-20,5,1,0.96,1
ACCT-010,2025-12-21,5,1,0.96,1
ACCT-010,2025-12-22,5,1,0.96,1
ACCT-010,2025-12-23,6,1,0.96,1
ACCT-010,2025-12-24,6,1,0.96,1
ACCT-010,2025-12-25,6,1,0.96,1
ACCT-010,2025-12-26,7,1,0.96,1
ACCT-010,2025-12-27,7,1,0.96,1
ACCT-010,2025-12-28,7,1,0.96,1
ACCT-010,2025-12-29,8,1,0.96,1
ACCT-010,2025-12-30,8,1,0.96,1
ACCT-010,2025-12-31,8,1,0.96,1
ACCT-010,2026-01-01,8,1,0.96,1
ACCT-010,2026-01-02,8,1,0.96,1
ACCT-010,2026-01-03,8,1,0.96,1
ACCT-010,2026-01-04,8,1,0.96,1
ACCT-010,2026-01-05,8,1,0.96,1
ACCT-010,2026-01-06,8,1,0.96,1
ACCT-010,2026-01-07,8,1,0.96,1
ACCT-010,2026-01-08,8,1,0.96,1
ACCT-010,2026-01-09,8,1,0.96,1
ACCT-011,2025-10-29,3,0,0.91,0
ACCT-011,2025-10-30,3,0,0.91,0
ACCT-011,2025-10-31,3,1,0.91,0
ACCT-011,2025-11-01,4,1,0.91,0
ACCT-011,2025-11-02,4,1,0.96,0
ACCT-011,2025-11-03,4,1,0.96,1
ACCT-011,2025-11-04,5,1,0.96,1
ACCT-011,2025-11-05,5,1,0.96,1
ACCT-011,2025-11-06,5,1,0.96,1
ACCT-011,2025-11-07,6,1,0.96,1
ACCT-011,2025-11-08,6,1,0.96,1
ACCT-011,2025-11-09,6,1,0.96,1
ACCT-011,2025-11-10,7,1,0.96,1
ACCT-011,2025-11-11,7,1,0.96,1
ACCT-011,2025-11-12,7,1,0.96,1
ACCT-011,2025-11-13,8,1,0.96,1
ACCT-011,2025-11-14,8,1,0.96,1
ACCT-011,2025-11-15,8,1,0.96,1
ACCT-011,2025-11-16,8,1,0.96,1
ACCT-011,2025-11-17,8,1,0.96,1
ACCT-011,2025-11-18,8,1,0.96,1
ACCT-011,2025-11-19,8,1,0.96,1
ACCT-011,2025-11-20,8,1,0.96,1
ACCT-011,2025-11-21,8,1,0.96,1
ACCT-011,2025-11-22,8,1,0.96,1
ACCT-011,2025-11-23,8,1,0.96,1
ACCT-011,2025-11-24,8,1,0.96,1
ACCT-011,2025-11-25,8,1,0.96,1
ACCT-011,2025-11-26,8,1,0.96,1
ACCT-011,2025-11-27,8,1,0.96,1
ACCT-012,2025-11-18,1,0,0.91,0
ACCT-012,2025-11-19,1,0,0.91,0
ACCT-012,2025-11-20,1,1,0.91,0
ACCT-012,2025-11-21,2,1,0.91,0
ACCT-012,2025-11-22,2,1,0.96,0
ACCT-012,2025-11-23,2,1,0.96,1
ACCT-012,2025-11-24,3,1,0.96,1
ACCT-012,2025-11-25,3,1,0.96,1
ACCT-012,2025-11-26,3,1,0.96,1
ACCT-012,2025-11-27,4,1,0.96,1
ACCT-012,2025-11-28,4,1,0.96,1
ACCT-012,2025-11-29,4,1,0.96,1
ACCT-012,2025-11-30,5,1,0.96,1
ACCT-012,2025-12-01,5,1,0.96,1
ACCT-012,2025-12-02,5,1,0.96,1
ACCT-012,2025-12-03,6,1,0.96,1
ACCT-012,2025-12-04,6,1,0.96,1
ACCT-012,2025-12-05,6,1,0.96,1
ACCT-012,2025-12-06,7,1,0.96,1
ACCT-012,2025-12-07,7,1,0.96,1
ACCT-012,2025-12-08,7,1,0.96,1
ACCT-012,2025-12-09,8,1,0.96,1
ACCT-012,2025-12-10,8,1,0.96,1
ACCT-012,2025-12-11,8,1,0.96,1
ACCT-012,2025-12-12,8,1,0.96,1
ACCT-012,2025-12-13,8,1,0.96,1
ACCT-012,2025-12-14,8,1,0.96,1
ACCT-012,2025-12-15,8,1,0.96,1
ACCT-012,2025-12-16,8,1,0.96,1
ACCT-012,2025-12-17,8,1,0.96,1
ACCT-013,2025-11-12,2,0,0.91,0
ACCT-013,2025-11-13,2,0,0.91,0
ACCT-013,2025-11-14,2,1,0.91,0
ACCT-013,2025-11-15,3,1,0.91,0
ACCT-013,2025-11-16,3,1,0.96,0
ACCT-013,2025-11-17,3,1,0.96,1
ACCT-013,2025-11-18,4,1,0.96,1
ACCT-013,2025-11-19,4,1,0.96,1
ACCT-013,2025-11-20,4,1,0.96,1
ACCT-013,2025-11-21,5,1,0.96,1
ACCT-013,2025-11-22,5,1,0.96,1
ACCT-013,2025-11-23,5,1,0.96,1
ACCT-013,2025-11-24,6,1,0.96,1
ACCT-013,2025-11-25,6,1,0.96,1
ACCT-013,2025-11-26,6,1,0.96,1
ACCT-013,2025-11-27,7,1,0.96,1
ACCT-013,2025-11-28,7,1,0.96,1
ACCT-013,2025-11-29,7,1,0.96,1
ACCT-013,2025-11-30,8,1,0.96,1
ACCT-013,2025-12-01,8,1,0.96,1
ACCT-013,2025-12-02,8,1,0.96,1
ACCT-013,2025-12-03,8,1,0.96,1
ACCT-013,2025-12-04,8,1,0.96,1
ACCT-013,2025-12-05,8,1,0.96,1
ACCT-013,2025-12-06,8,1,0.96,1
ACCT-013,2025-12-07,8,1,0.96,1
ACCT-013,2025-12-08,8,1,0.96,1
ACCT-013,2025-12-09,8,1,0.96,1
ACCT-013,2025-12-10,8,1,0.96,1
ACCT-013,2025-12-11,8,1,0.96,1
ACCT-014,2025-11-28,3,0,0.91,0
ACCT-014,2025-11-29,3,0,0.91,0
ACCT-014,2025-11-30,3,1,0.91,0
ACCT-014,2025-12-01,4,1,0.91,0
ACCT-014,2025-12-02,4,1,0.96,0
ACCT-014,2025-12-03,4,1,0.96,1
ACCT-014,2025-12-04,5,1,0.96,1
ACCT-014,2025-12-05,5,1,0.96,1
ACCT-014,2025-12-06,5,1,0.96,1
ACCT-014,2025-12-07,6,1,0.96,1
ACCT-014,2025-12-08,6,1,0.96,1
ACCT-014,2025-12-09,6,1,0.96,1
ACCT-014,2025-12-10,7,1,0.96,1
ACCT-014,2025-12-11,7,1,0.96,1
ACCT-014,2025-12-12,7,1,0.96,1
ACCT-014,2025-12-13,8,1,0.96,1
ACCT-014,2025-12-14,8,1,0.96,1
ACCT-014,2025-12-15,8,1,0.96,1
ACCT-014,2025-12-16,8,1,0.96,1
ACCT-014,2025-12-17,8,1,0.96,1
ACCT-014,2025-12-18,8,1,0.96,1
ACCT-014,2025-12-19,8,1,0.96,1
ACCT-014,2025-12-20,8,1,0.96,1
ACCT-014,2025-12-21,8,1,0.96,1
ACCT-014,2025-12-22,8,1,0.96,1
ACCT-014,2025-12-23,8,1,0.96,1
ACCT-014,2025-12-24,8,1,0.96,1
ACCT-014,2025-12-25,8,1,0.96,1
ACCT-014,2025-12-26,8,1,0.96,1
ACCT-014,2025-12-27,8,1,0.96,1
ACCT-015,2026-01-03,1,0,0.91,0
ACCT-015,2026-01-04,1,0,0.91,0
ACCT-015,2026-01-05,1,1,0.91,0
ACCT-015,2026-01-06,2,1,0.91,0
ACCT-015,2026-01-07,2,1,0.96,0
ACCT-015,2026-01-08,2,1,0.96,1
ACCT-015,2026-01-09,3,1,0.96,1
ACCT-015,2026-01-10,3,1,0.96,1
ACCT-015,2026-01-11,3,1,0.96,1
ACCT-015,2026-01-12,4,1,0.96,1
ACCT-015,2026-01-13,4,1,0.96,1
ACCT-015,2026-01-14,4,1,0.96,1
ACCT-015,2026-01-15,5,1,0.96,1
ACCT-015,2026-01-16,5,1,0.96,1
ACCT-015,2026-01-17,5,1,0.96,1
ACCT-015,2026-01-18,6,1,0.96,1
ACCT-015,2026-01-19,6,1,0.96,1
ACCT-015,2026-01-20,6,1,0.96,1
ACCT-015,2026-01-21,7,1,0.96,1
ACCT-015,2026-01-22,7,1,0.96,1
ACCT-015,2026-01-23,7,1,0.96,1
ACCT-015,2026-01-24,8,1,0.96,1
ACCT-015,2026-01-25,8,1,0.96,1
ACCT-015,2026-01-26,8,1,0.96,1
ACCT-015,2026-01-27,8,1,0.96,1
ACCT-015,2026-01-28,8,1,0.96,1
ACCT-015,2026-01-29,8,1,0.96,1
ACCT-015,2026-01-30,8,1,0.96,1
ACCT-015,2026-01-31,8,1,0.96,1
ACCT-015,2026-02-01,8,1,0.96,1
ACCT-016,2025-12-01,2,0,0.91,0
ACCT-016,2025-12-02,2,0,0.91,0
ACCT-016,2025-12-03,2,1,0.91,0
ACCT-016,2025-12-04,3,1,0.91,0
ACCT-016,2025-12-05,3,1,0.96,0
ACCT-016,2025-12-06,3,1,0.96,1
ACCT-016,2025-12-07,4,1,0.96,1
ACCT-016,2025-12-08,4,1,0.96,1
ACCT-016,2025-12-09,4,1,0.96,1
ACCT-016,2025-12-10,5,1,0.96,1
ACCT-016,2025-12-11,5,1,0.96,1
ACCT-016,2025-12-12,5,1,0.96,1
ACCT-016,2025-12-13,6,1,0.96,1
ACCT-016,2025-12-14,6,1,0.96,1
ACCT-016,2025-12-15,6,1,0.96,1
ACCT-016,2025-12-16,7,1,0.96,1
ACCT-016,2025-12-17,7,1,0.96,1
ACCT-016,2025-12-18,7,1,0.96,1
ACCT-016,2025-12-19,8,1,0.96,1
ACCT-016,2025-12-20,8,1,0.96,1
ACCT-016,2025-12-21,8,1,0.96,1
ACCT-016,2025-12-22,8,1,0.96,1
ACCT-016,2025-12-23,8,1,0.96,1
ACCT-016,2025-12-24,8,1,0.96,1
ACCT-016,2025-12-25,8,1,0.96,1
ACCT-016,2025-12-26,8,1,0.96,1
ACCT-016,2025-12-27,8,1,0.96,1
ACCT-016,2025-12-28,8,1,0.96,1
ACCT-016,2025-12-29,8,1,0.96,1
ACCT-016,2025-12-30,8,1,0.96,1
ACCT-017,2025-11-30,3,0,0.91,0
ACCT-017,2025-12-01,3,0,0.91,0
ACCT-017,2025-12-02,3,1,0.91,0
ACCT-017,2025-12-03,4,1,0.91,0
ACCT-017,2025-12-04,4,1,0.96,0
ACCT-017,2025-12-05,4,1,0.96,1
ACCT-017,2025-12-06,5,1,0.96,1
ACCT-017,2025-12-07,5,1,0.96,1
ACCT-017,2025-12-08,5,1,0.96,1
ACCT-017,2025-12-09,6,1,0.96,1
ACCT-017,2025-12-10,6,1,0.96,1
ACCT-017,2025-12-11,6,1,0.96,1
ACCT-017,2025-12-12,7,1,0.96,1
ACCT-017,2025-12-13,7,1,0.96,1
ACCT-017,2025-12-14,7,1,0.96,1
ACCT-017,2025-12-15,8,1,0.96,1
ACCT-017,2025-12-16,8,1,0.96,1
ACCT-017,2025-12-17,8,1,0.96,1
ACCT-017,2025-12-18,8,1,0.96,1
ACCT-017,2025-12-19,8,1,0.96,1
ACCT-017,2025-12-20,8,1,0.96,1
ACCT-017,2025-12-21,8,1,0.96,1
ACCT-017,2025-12-22,8,1,0.96,1
ACCT-017,2025-12-23,8,1,0.96,1
ACCT-017,2025-12-24,8,1,0.96,1
ACCT-017,2025-12-25,8,1,0.96,1
ACCT-017,2025-12-26,8,1,0.96,1
ACCT-017,2025-12-27,8,1,0.96,1
ACCT-017,2025-12-28,8,1,0.96,1
ACCT-017,2025-12-29,8,1,0.96,1
ACCT-018,2025-12-22,1,0,0.91,0
ACCT-018,2025-12-23,1,0,0.91,0
ACCT-018,2025-12-24,1,1,0.91,0
ACCT-018,2025-12-25,2,1,0.91,0
ACCT-018,2025-12-26,2,1,0.96,0
ACCT-018,2025-12-27,2,1,0.96,1
ACCT-018,2025-12-28,3,1,0.96,1
ACCT-018,2025-12-29,3,1,0.96,1
ACCT-018,2025-12-30,3,1,0.96,1
ACCT-018,2025-12-31,4,1,0.96,1
ACCT-018,2026-01-01,4,1,0.96,1
ACCT-018,2026-01-02,4,1,0.96,1
ACCT-018,2026-01-03,5,1,0.96,1
ACCT-018,2026-01-04,5,1,0.96,1
ACCT-018,2026-01-05,5,1,0.96,1
ACCT-018,2026-01-06,6,1,0.96,1
ACCT-018,2026-01-07,6,1,0.96,1
ACCT-018,2026-01-08,6,1,0.96,1
ACCT-018,2026-01-09,7,1,0.96,1
ACCT-018,2026-01-10,7,1,0.96,1
ACCT-018,2026-01-11,7,1,0.96,1
ACCT-018,2026-01-12,8,1,0.96,1
ACCT-018,2026-01-13,8,1,0.96,1
ACCT-018,2026-01-14,8,1,0.96,1
ACCT-018,2026-01-15,8,1,0.96,1
ACCT-018,2026-01-16,8,1,0.96,1
ACCT-018,2026-01-17,8,1,0.96,1
ACCT-018,2026-01-18,8,1,0.96,1
ACCT-018,2026-01-19,8,1,0.96,1
ACCT-018,2026-01-20,8,1,0.96,1
ACCT-019,2025-12-06,2,0,0.91,0
ACCT-019,2025-12-07,2,0,0.91,0
ACCT-019,2025-12-08,2,1,0.91,0
ACCT-019,2025-12-09,3,1,0.91,0
ACCT-019,2025-12-10,3,1,0.96,0
ACCT-019,2025-12-11,3,1,0.96,1
ACCT-019,2025-12-12,4,1,0.96,1
ACCT-019,2025-12-13,4,1,0.96,1
ACCT-019,2025-12-14,4,1,0.96,1
ACCT-019,2025-12-15,5,1,0.96,1
ACCT-019,2025-12-16,5,1,0.96,1
ACCT-019,2025-12-17,5,1,0.96,1
ACCT-019,2025-12-18,6,1,0.96,1
ACCT-019,2025-12-19,6,1,0.96,1
ACCT-019,2025-12-20,6,1,0.96,1
ACCT-019,2025-12-21,7,1,0.96,1
ACCT-019,2025-12-22,7,1,0.96,1
ACCT-019,2025-12-23,7,1,0.96,1
ACCT-019,2025-12-24,8,1,0.96,1
ACCT-019,2025-12-25,8,1,0.96,1
ACCT-019,2025-12-26,8,1,0.96,1
ACCT-019,2025-12-27,8,1,0.96,1
ACCT-019,2025-12-28,8,1,0.96,1
ACCT-019,2025-12-29,8,1,0.96,1
ACCT-019,2025-12-30,8,1,0.96,1
ACCT-019,2025-12-31,8,1,0.96,1
ACCT-019,2026-01-01,8,1,0.96,1
ACCT-019,2026-01-02,8,1,0.96,1
ACCT-019,2026-01-03,8,1,0.96,1
ACCT-019,2026-01-04,8,1,0.96,1
ACCT-020,2026-01-24,3,0,0.91,0
ACCT-020,2026-01-25,3,0,0.91,0
ACCT-020,2026-01-26,3,1,0.91,0
ACCT-020,2026-01-27,4,1,0.91,0
ACCT-020,2026-01-28,4,1,0.96,0
ACCT-020,2026-01-29,4,1,0.96,1
ACCT-020,2026-01-30,5,1,0.96,1
ACCT-020,2026-01-31,5,1,0.96,1
ACCT-020,2026-02-01,5,1,0.96,1
ACCT-020,2026-02-02,6,1,0.96,1
ACCT-020,2026-02-03,6,1,0.96,1
ACCT-020,2026-02-04,6,1,0.96,1
ACCT-020,2026-02-05,7,1,0.96,1
ACCT-020,2026-02-06,7,1,0.96,1
ACCT-020,2026-02-07,7,1,0.96,1
ACCT-020,2026-02-08,8,1,0.96,1
ACCT-020,2026-02-09,8,1,0.96,1
ACCT-020,2026-02-10,8,1,0.96,1
ACCT-020,2026-02-11,8,1,0.96,1
ACCT-020,2026-02-12,8,1,0.96,1
ACCT-020,2026-02-13,8,1,0.96,1
ACCT-020,2026-02-14,8,1,0.96,1
ACCT-020,2026-02-15,8,1,0.96,1
ACCT-020,2026-02-16,8,1,0.96,1
ACCT-020,2026-02-17,8,1,0.96,1
ACCT-020,2026-02-18,8,1,0.96,1
ACCT-020,2026-02-19,8,1,0.96,1
ACCT-020,2026-02-20,8,1,0.96,1
ACCT-020,2026-02-21,8,1,0.96,1
ACCT-020,2026-02-22,8,1,0.96,1
ACCT-021,2026-01-12,1,0,0.91,0
ACCT-021,2026-01-13,1,0,0.91,0
ACCT-021,2026-01-14,1,1,0.91,0
ACCT-021,2026-01-15,2,1,0.91,0
ACCT-021,2026-01-16,2,1,0.96,0
ACCT-021,2026-01-17,2,1,0.96,1
ACCT-021,2026-01-18,3,1,0.96,1
ACCT-021,2026-01-19,3,1,0.96,1
ACCT-021,2026-01-20,3,1,0.96,1
ACCT-021,2026-01-21,4,1,0.96,1
ACCT-021,2026-01-22,4,1,0.96,1
ACCT-021,2026-01-23,4,1,0.96,1
ACCT-021,2026-01-24,5,1,0.96,1
ACCT-021,2026-01-25,5,1,0.96,1
ACCT-021,2026-01-26,5,1,0.96,1
ACCT-021,2026-01-27,6,1,0.96,1
ACCT-021,2026-01-28,6,1,0.96,1
ACCT-021,2026-01-29,6,1,0.96,1
ACCT-021,2026-01-30,7,1,0.96,1
ACCT-021,2026-01-31,7,1,0.96,1
ACCT-021,2026-02-01,7,1,0.96,1
ACCT-021,2026-02-02,8,1,0.96,1
ACCT-021,2026-02-03,8,1,0.96,1
ACCT-021,2026-02-04,8,1,0.96,1
ACCT-021,2026-02-05,8,1,0.96,1
ACCT-021,2026-02-06,8,1,0.96,1
ACCT-021,2026-02-07,8,1,0.96,1
ACCT-021,2026-02-08,8,1,0.96,1
ACCT-021,2026-02-09,8,1,0.96,1
ACCT-021,2026-02-10,8,1,0.96,1
ACCT-022,2026-01-01,2,0,0.91,0
ACCT-022,2026-01-02,2,0,0.91,0
ACCT-022,2026-01-03,2,1,0.91,0
ACCT-022,2026-01-04,3,1,0.91,0
ACCT-022,2026-01-05,3,1,0.96,0
ACCT-022,2026-01-06,3,1,0.96,1
ACCT-022,2026-01-07,4,1,0.96,1
ACCT-022,2026-01-08,4,1,0.96,1
ACCT-022,2026-01-09,4,1,0.96,1
ACCT-022,2026-01-10,5,1,0.96,1
ACCT-022,2026-01-11,5,1,0.96,1
ACCT-022,2026-01-12,5,1,0.96,1
ACCT-022,2026-01-13,6,1,0.96,1
ACCT-022,2026-01-14,6,1,0.96,1
ACCT-022,2026-01-15,6,1,0.96,1
ACCT-022,2026-01-16,7,1,0.96,1
ACCT-022,2026-01-17,7,1,0.96,1
ACCT-022,2026-01-18,7,1,0.96,1
ACCT-022,2026-01-19,8,1,0.96,1
ACCT-022,2026-01-20,8,1,0.96,1
ACCT-022,2026-01-21,8,1,0.96,1
ACCT-022,2026-01-22,8,1,0.96,1
ACCT-022,2026-01-23,8,1,0.96,1
ACCT-022,2026-01-24,8,1,0.96,1
ACCT-022,2026-01-25,8,1,0.96,1
ACCT-022,2026-01-26,8,1,0.96,1
ACCT-022,2026-01-27,8,1,0.96,1
ACCT-022,2026-01-28,8,1,0.96,1
ACCT-022,2026-01-29,8,1,0.96,1
ACCT-022,2026-01-30,8,1,0.96,1
ACCT-023,2026-01-01,3,0,0.91,0
ACCT-023,2026-01-02,3,0,0.91,0
ACCT-023,2026-01-03,3,1,0.91,0
ACCT-023,2026-01-04,4,1,0.91,0
ACCT-023,2026-01-05,4,1,0.96,0
ACCT-023,2026-01-06,4,1,0.96,1
ACCT-023,2026-01-07,5,1,0.96,1
ACCT-023,2026-01-08,5,1,0.96,1
ACCT-023,2026-01-09,5,1,0.96,1
ACCT-023,2026-01-10,6,1,0.96,1
ACCT-023,2026-01-11,6,1,0.96,1
ACCT-023,2026-01-12,6,1,0.96,1
ACCT-023,2026-01-13,7,1,0.96,1
ACCT-023,2026-01-14,7,1,0.96,1
ACCT-023,2026-01-15,7,1,0.96,1
ACCT-023,2026-01-16,8,1,0.96,1
ACCT-023,2026-01-17,8,1,0.96,1
ACCT-023,2026-01-18,8,1,0.96,1
ACCT-023,2026-01-19,8,1,0.96,1
ACCT-023,2026-01-20,8,1,0.96,1
ACCT-023,2026-01-21,8,1,0.96,1
ACCT-023,2026-01-22,8,1,0.96,1
ACCT-023,2026-01-23,8,1,0.96,1
ACCT-023,2026-01-24,8,1,0.96,1
ACCT-023,2026-01-25,8,1,0.96,1
ACCT-023,2026-01-26,8,1,0.96,1
ACCT-023,2026-01-27,8,1,0.96,1
ACCT-023,2026-01-28,8,1,0.96,1
ACCT-023,2026-01-29,8,1,0.96,1
ACCT-023,2026-01-30,8,1,0.96,1
ACCT-024,2026-01-23,1,0,0.91,0
ACCT-024,2026-01-24,1,0,0.91,0
ACCT-024,2026-01-25,1,1,0.91,0
ACCT-024,2026-01-26,2,1,0.91,0
ACCT-024,2026-01-27,2,1,0.96,0
ACCT-024,2026-01-28,2,1,0.96,1
ACCT-024,2026-01-29,3,1,0.96,1
ACCT-024,2026-01-30,3,1,0.96,1
ACCT-024,2026-01-31,3,1,0.96,1
ACCT-024,2026-02-01,4,1,0.96,1
ACCT-024,2026-02-02,4,1,0.96,1
ACCT-024,2026-02-03,4,1,0.96,1
ACCT-024,2026-02-04,5,1,0.96,1
ACCT-024,2026-02-05,5,1,0.96,1
ACCT-024,2026-02-06,5,1,0.96,1
ACCT-024,2026-02-07,6,1,0.96,1
ACCT-024,2026-02-08,6,1,0.96,1
ACCT-024,2026-02-09,6,1,0.96,1
ACCT-024,2026-02-10,7,1,0.96,1
ACCT-024,2026-02-11,7,1,0.96,1
ACCT-024,2026-02-12,7,1,0.96,1
ACCT-024,2026-02-13,8,1,0.96,1
ACCT-024,2026-02-14,8,1,0.96,1
ACCT-024,2026-02-15,8,1,0.96,1
ACCT-024,2026-02-16,8,1,0.96,1
ACCT-024,2026-02-17,8,1,0.96,1
ACCT-024,2026-02-18,8,1,0.96,1
ACCT-024,2026-02-19,8,1,0.96,1
ACCT-024,2026-02-20,8,1,0.96,1
ACCT-024,2026-02-21,8,1,0.96,1
ACCT-025,2026-02-20,2,0,0.91,0
ACCT-025,2026-02-21,2,0,0.91,0
ACCT-025,2026-02-22,2,1,0.91,0
ACCT-025,2026-02-23,3,1,0.91,0
ACCT-025,2026-02-24,3,1,0.96,0
ACCT-025,2026-02-25,3,1,0.96,1
ACCT-025,2026-02-26,4,1,0.96,1
ACCT-025,2026-02-27,4,1,0.96,1
ACCT-025,2026-02-28,4,1,0.96,1
ACCT-025,2026-03-01,5,1,0.96,1
ACCT-025,2026-03-02,5,1,0.96,1
ACCT-025,2026-03-03,5,1,0.96,1
ACCT-025,2026-03-04,6,1,0.96,1
ACCT-025,2026-03-05,6,1,0.96,1
ACCT-025,2026-03-06,6,1,0.96,1
ACCT-025,2026-03-07,7,1,0.96,1
ACCT-025,2026-03-08,7,1,0.96,1
ACCT-025,2026-03-09,7,1,0.96,1
ACCT-025,2026-03-10,8,1,0.96,1
ACCT-025,2026-03-11,8,1,0.96,1
ACCT-025,2026-03-12,8,1,0.96,1
ACCT-025,2026-03-13,8,1,0.96,1
ACCT-025,2026-03-14,8,1,0.96,1
ACCT-025,2026-03-15,8,1,0.96,1
ACCT-025,2026-03-16,8,1,0.96,1
ACCT-025,2026-03-17,8,1,0.96,1
ACCT-025,2026-03-18,8,1,0.96,1
ACCT-025,2026-03-19,8,1,0.96,1
ACCT-025,2026-03-20,8,1,0.96,1
ACCT-025,2026-03-21,8,1,0.96,1
ACCT-026,2026-01-15,3,0,0.91,0
ACCT-026,2026-01-16,3,0,0.91,0
ACCT-026,2026-01-17,3,1,0.91,0
ACCT-026,2026-01-18,4,1,0.91,0
ACCT-026,2026-01-19,4,1,0.96,0
ACCT-026,2026-01-20,4,1,0.96,1
ACCT-026,2026-01-21,5,1,0.96,1
ACCT-026,2026-01-22,5,1,0.96,1
ACCT-026,2026-01-23,5,1,0.96,1
ACCT-026,2026-01-24,6,1,0.96,1
ACCT-026,2026-01-25,6,1,0.96,1
ACCT-026,2026-01-26,6,1,0.96,1
ACCT-026,2026-01-27,7,1,0.96,1
ACCT-026,2026-01-28,7,1,0.96,1
ACCT-026,2026-01-29,7,1,0.96,1
ACCT-026,2026-01-30,8,1,0.96,1
ACCT-026,2026-01-31,8,1,0.96,1
ACCT-026,2026-02-01,8,1,0.96,1
ACCT-026,2026-02-02,8,1,0.96,1
ACCT-026,2026-02-03,8,1,0.96,1
ACCT-026,2026-02-04,8,1,0.96,1
ACCT-026,2026-02-05,8,1,0.96,1
ACCT-026,2026-02-06,8,1,0.96,1
ACCT-026,2026-02-07,8,1,0.96,1
ACCT-026,2026-02-08,8,1,0.96,1
ACCT-026,2026-02-09,8,1,0.96,1
ACCT-026,2026-02-10,8,1,0.96,1
ACCT-026,2026-02-11,8,1,0.96,1
ACCT-026,2026-02-12,8,1,0.96,1
ACCT-026,2026-02-13,8,1,0.96,1
ACCT-027,2026-02-09,1,0,0.91,0
ACCT-027,2026-02-10,1,0,0.91,0
ACCT-027,2026-02-11,1,1,0.91,0
ACCT-027,2026-02-12,2,1,0.91,0
ACCT-027,2026-02-13,2,1,0.96,0
ACCT-027,2026-02-14,2,1,0.96,1
ACCT-027,2026-02-15,3,1,0.96,1
ACCT-027,2026-02-16,3,1,0.96,1
ACCT-027,2026-02-17,3,1,0.96,1
ACCT-027,2026-02-18,4,1,0.96,1
ACCT-027,2026-02-19,4,1,0.96,1
ACCT-027,2026-02-20,4,1,0.96,1
ACCT-027,2026-02-21,5,1,0.96,1
ACCT-027,2026-02-22,5,1,0.96,1
ACCT-027,2026-02-23,5,1,0.96,1
ACCT-027,2026-02-24,6,1,0.96,1
ACCT-027,2026-02-25,6,1,0.96,1
ACCT-027,2026-02-26,6,1,0.96,1
ACCT-027,2026-02-27,7,1,0.96,1
ACCT-027,2026-02-28,7,1,0.96,1
ACCT-027,2026-03-01,7,1,0.96,1
ACCT-027,2026-03-02,8,1,0.96,1
ACCT-027,2026-03-03,8,1,0.96,1
ACCT-027,2026-03-04,8,1,0.96,1
ACCT-027,2026-03-05,8,1,0.96,1
ACCT-027,2026-03-06,8,1,0.96,1
ACCT-027,2026-03-07,8,1,0.96,1
ACCT-027,2026-03-08,8,1,0.96,1
ACCT-027,2026-03-09,8,1,0.96,1
ACCT-027,2026-03-10,8,1,0.96,1
ACCT-028,2026-01-21,2,0,0.91,0
ACCT-028,2026-01-22,2,0,0.91,0
ACCT-028,2026-01-23,2,1,0.91,0
ACCT-028,2026-01-24,3,1,0.91,0
ACCT-028,2026-01-25,3,1,0.96,0
ACCT-028,2026-01-26,3,1,0.96,1
ACCT-028,2026-01-27,4,1,0.96,1
ACCT-028,2026-01-28,4,1,0.96,1
ACCT-028,2026-01-29,4,1,0.96,1
ACCT-028,2026-01-30,5,1,0.96,1
ACCT-028,2026-01-31,5,1,0.96,1
ACCT-028,2026-02-01,5,1,0.96,1
ACCT-028,2026-02-02,6,1,0.96,1
ACCT-028,2026-02-03,6,1,0.96,1
ACCT-028,2026-02-04,6,1,0.96,1
ACCT-028,2026-02-05,7,1,0.96,1
ACCT-028,2026-02-06,7,1,0.96,1
ACCT-028,2026-02-07,7,1,0.96,1
ACCT-028,2026-02-08,8,1,0.96,1
ACCT-028,2026-02-09,8,1,0.96,1
ACCT-028,2026-02-10,8,1,0.96,1
ACCT-028,2026-02-11,8,1,0.96,1
ACCT-028,2026-02-12,8,1,0.96,1
ACCT-028,2026-02-13,8,1,0.96,1
ACCT-028,2026-02-14,8,1,0.96,1
ACCT-028,2026-02-15,8,1,0.96,1
ACCT-028,2026-02-16,8,1,0.96,1
ACCT-028,2026-02-17,8,1,0.96,1
ACCT-028,2026-02-18,8,1,0.96,1
ACCT-028,2026-02-19,8,1,0.96,1
ACCT-029,2026-02-05,3,0,0.91,0
ACCT-029,2026-02-06,3,0,0.91,0
ACCT-029,2026-02-07,3,1,0.91,0
ACCT-029,2026-02-08,4,1,0.91,0
ACCT-029,2026-02-09,4,1,0.96,0
ACCT-029,2026-02-10,4,1,0.96,1
ACCT-029,2026-02-11,5,1,0.96,1
ACCT-029,2026-02-12,5,1,0.96,1
ACCT-029,2026-02-13,5,1,0.96,1
ACCT-029,2026-02-14,6,1,0.96,1
ACCT-029,2026-02-15,6,1,0.96,1
ACCT-029,2026-02-16,6,1,0.96,1
ACCT-029,2026-02-17,7,1,0.96,1
ACCT-029,2026-02-18,7,1,0.96,1
ACCT-029,2026-02-19,7,1,0.96,1
ACCT-029,2026-02-20,8,1,0.96,1
ACCT-029,2026-02-21,8,1,0.96,1
ACCT-029,2026-02-22,8,1,0.96,1
ACCT-029,2026-02-23,8,1,0.96,1
ACCT-029,2026-02-24,8,1,0.96,1
ACCT-029,2026-02-25,8,1,0.96,1
ACCT-029,2026-02-26,8,1,0.96,1
ACCT-029,2026-02-27,8,1,0.96,1
ACCT-029,2026-02-28,8,1,0.96,1
ACCT-029,2026-03-01,8,1,0.96,1
ACCT-029,2026-03-02,8,1,0.96,1
ACCT-029,2026-03-03,8,1,0.96,1
ACCT-029,2026-03-04,8,1,0.96,1
ACCT-029,2026-03-05,8,1,0.96,1
ACCT-029,2026-03-06,8,1,0.96,1
ACCT-030,2026-03-19,1,0,0.91,0
ACCT-030,2026-03-20,1,0,0.91,0
ACCT-030,2026-03-21,1,1,0.91,0
ACCT-030,2026-03-22,2,1,0.91,0
ACCT-030,2026-03-23,2,1,0.96,0
ACCT-030,2026-03-24,2,1,0.96,1
ACCT-030,2026-03-25,3,1,0.96,1
ACCT-030,2026-03-26,3,1,0.96,1
ACCT-030,2026-03-27,3,1,0.96,1
ACCT-030,2026-03-28,4,1,0.96,1
ACCT-030,2026-03-29,4,1,0.96,1
ACCT-030,2026-03-30,4,1,0.96,1
ACCT-030,2026-03-31,5,1,0.96,1
ACCT-030,2026-04-01,5,1,0.96,1
ACCT-030,2026-04-02,5,1,0.96,1
ACCT-030,2026-04-03,6,1,0.96,1
ACCT-030,2026-04-04,6,1,0.96,1
ACCT-030,2026-04-05,6,1,0.96,1
ACCT-030,2026-04-06,7,1,0.96,1
ACCT-030,2026-04-07,7,1,0.96,1
ACCT-030,2026-04-08,7,1,0.96,1
ACCT-030,2026-04-09,8,1,0.96,1
ACCT-030,2026-04-10,8,1,0.96,1
ACCT-030,2026-04-11,8,1,0.96,1
ACCT-030,2026-04-12,8,1,0.96,1
ACCT-030,2026-04-13,8,1,0.96,1
ACCT-030,2026-04-14,8,1,0.96,1
ACCT-030,2026-04-15,8,1,0.96,1
ACCT-030,2026-04-16,8,1,0.96,1
ACCT-030,2026-04-17,8,1,0.96,1
ACCT-031,2026-02-14,2,0,0.91,0
ACCT-031,2026-02-15,2,0,0.91,0
ACCT-031,2026-02-16,2,1,0.91,0
ACCT-031,2026-02-17,3,1,0.91,0
ACCT-031,2026-02-18,3,1,0.96,0
ACCT-031,2026-02-19,3,1,0.96,1
ACCT-031,2026-02-20,4,1,0.96,1
ACCT-031,2026-02-21,4,1,0.96,1
ACCT-031,2026-02-22,4,1,0.96,1
ACCT-031,2026-02-23,5,1,0.96,1
ACCT-031,2026-02-24,5,1,0.96,1
ACCT-031,2026-02-25,5,1,0.96,1
ACCT-031,2026-02-26,6,1,0.96,1
ACCT-031,2026-02-27,6,1,0.96,1
ACCT-031,2026-02-28,6,1,0.96,1
ACCT-031,2026-03-01,7,1,0.96,1
ACCT-031,2026-03-02,7,1,0.96,1
ACCT-031,2026-03-03,7,1,0.96,1
ACCT-031,2026-03-04,8,1,0.96,1
ACCT-031,2026-03-05,8,1,0.96,1
ACCT-031,2026-03-06,8,1,0.96,1
ACCT-031,2026-03-07,8,1,0.96,1
ACCT-031,2026-03-08,8,1,0.96,1
ACCT-031,2026-03-09,8,1,0.96,1
ACCT-031,2026-03-10,8,1,0.96,1
ACCT-031,2026-03-11,8,1,0.96,1
ACCT-031,2026-03-12,8,1,0.96,1
ACCT-031,2026-03-13,8,1,0.96,1
ACCT-031,2026-03-14,8,1,0.96,1
ACCT-031,2026-03-15,8,1,0.96,1
ACCT-032,2026-02-12,3,0,0.91,0
ACCT-032,2026-02-13,3,0,0.91,0
ACCT-032,2026-02-14,3,1,0.91,0
ACCT-032,2026-02-15,4,1,0.91,0
ACCT-032,2026-02-16,4,1,0.96,0
ACCT-032,2026-02-17,4,1,0.96,1
ACCT-032,2026-02-18,5,1,0.96,1
ACCT-032,2026-02-19,5,1,0.96,1
ACCT-032,2026-02-20,5,1,0.96,1
ACCT-032,2026-02-21,6,1,0.96,1
ACCT-032,2026-02-22,6,1,0.96,1
ACCT-032,2026-02-23,6,1,0.96,1
ACCT-032,2026-02-24,7,1,0.96,1
ACCT-032,2026-02-25,7,1,0.96,1
ACCT-032,2026-02-26,7,1,0.96,1
ACCT-032,2026-02-27,8,1,0.96,1
ACCT-032,2026-02-28,8,1,0.96,1
ACCT-032,2026-03-01,8,1,0.96,1
ACCT-032,2026-03-02,8,1,0.96,1
ACCT-032,2026-03-03,8,1,0.96,1
ACCT-032,2026-03-04,8,1,0.96,1
ACCT-032,2026-03-05,8,1,0.96,1
ACCT-032,2026-03-06,8,1,0.96,1
ACCT-032,2026-03-07,8,1,0.96,1
ACCT-032,2026-03-08,8,1,0.96,1
ACCT-032,2026-03-09,8,1,0.96,1
ACCT-032,2026-03-10,8,1,0.96,1
ACCT-032,2026-03-11,8,1,0.96,1
ACCT-032,2026-03-12,8,1,0.96,1
ACCT-032,2026-03-13,8,1,0.96,1
ACCT-033,2026-03-10,1,0,0.91,0
ACCT-033,2026-03-11,1,0,0.91,0
ACCT-033,2026-03-12,1,1,0.91,0
ACCT-033,2026-03-13,2,1,0.91,0
ACCT-033,2026-03-14,2,1,0.96,0
ACCT-033,2026-03-15,2,1,0.96,1
ACCT-033,2026-03-16,3,1,0.96,1
ACCT-033,2026-03-17,3,1,0.96,1
ACCT-033,2026-03-18,3,1,0.96,1
ACCT-033,2026-03-19,4,1,0.96,1
ACCT-033,2026-03-20,4,1,0.96,1
ACCT-033,2026-03-21,4,1,0.96,1
ACCT-033,2026-03-22,5,1,0.96,1
ACCT-033,2026-03-23,5,1,0.96,1
ACCT-033,2026-03-24,5,1,0.96,1
ACCT-033,2026-03-25,6,1,0.96,1
ACCT-033,2026-03-26,6,1,0.96,1
ACCT-033,2026-03-27,6,1,0.96,1
ACCT-033,2026-03-28,7,1,0.96,1
ACCT-033,2026-03-29,7,1,0.96,1
ACCT-033,2026-03-30,7,1,0.96,1
ACCT-033,2026-03-31,8,1,0.96,1
ACCT-033,2026-04-01,8,1,0.96,1
ACCT-033,2026-04-02,8,1,0.96,1
ACCT-033,2026-04-03,8,1,0.96,1
ACCT-033,2026-04-04,8,1,0.96,1
ACCT-033,2026-04-05,8,1,0.96,1
ACCT-033,2026-04-06,8,1,0.96,1
ACCT-033,2026-04-07,8,1,0.96,1
ACCT-033,2026-04-08,8,1,0.96,1
ACCT-034,2026-02-21,2,0,0.91,0
ACCT-034,2026-02-22,2,0,0.91,0
ACCT-034,2026-02-23,2,1,0.91,0
ACCT-034,2026-02-24,3,1,0.91,0
ACCT-034,2026-02-25,3,1,0.96,0
ACCT-034,2026-02-26,3,1,0.96,1
ACCT-034,2026-02-27,4,1,0.96,1
ACCT-034,2026-02-28,4,1,0.96,1
ACCT-034,2026-03-01,4,1,0.96,1
ACCT-034,2026-03-02,5,1,0.96,1
ACCT-034,2026-03-03,5,1,0.96,1
ACCT-034,2026-03-04,5,1,0.96,1
ACCT-034,2026-03-05,6,1,0.96,1
ACCT-034,2026-03-06,6,1,0.96,1
ACCT-034,2026-03-07,6,1,0.96,1
ACCT-034,2026-03-08,7,1,0.96,1
ACCT-034,2026-03-09,7,1,0.96,1
ACCT-034,2026-03-10,7,1,0.96,1
ACCT-034,2026-03-11,8,1,0.96,1
ACCT-034,2026-03-12,8,1,0.96,1
ACCT-034,2026-03-13,8,1,0.96,1
ACCT-034,2026-03-14,8,1,0.96,1
ACCT-034,2026-03-15,8,1,0.96,1
ACCT-034,2026-03-16,8,1,0.96,1
ACCT-034,2026-03-17,8,1,0.96,1
ACCT-034,2026-03-18,8,1,0.96,1
ACCT-034,2026-03-19,8,1,0.96,1
ACCT-034,2026-03-20,8,1,0.96,1
ACCT-034,2026-03-21,8,1,0.96,1
ACCT-034,2026-03-22,8,1,0.96,1
ACCT-035,2026-04-01,3,0,0.91,0
ACCT-035,2026-04-02,3,0,0.91,0
ACCT-035,2026-04-03,3,1,0.91,0
ACCT-035,2026-04-04,4,1,0.91,0
ACCT-035,2026-04-05,4,1,0.96,0
ACCT-035,2026-04-06,4,1,0.96,1
ACCT-035,2026-04-07,5,1,0.96,1
ACCT-035,2026-04-08,5,1,0.96,1
ACCT-035,2026-04-09,5,1,0.96,1
ACCT-035,2026-04-10,6,1,0.96,1
ACCT-035,2026-04-11,6,1,0.96,1
ACCT-035,2026-04-12,6,1,0.96,1
ACCT-035,2026-04-13,7,1,0.96,1
ACCT-035,2026-04-14,7,1,0.96,1
ACCT-035,2026-04-15,7,1,0.96,1
ACCT-035,2026-04-16,8,1,0.96,1
ACCT-035,2026-04-17,8,1,0.96,1
ACCT-035,2026-04-18,8,1,0.96,1
ACCT-035,2026-04-19,8,1,0.96,1
ACCT-035,2026-04-20,8,1,0.96,1
ACCT-035,2026-04-21,8,1,0.96,1
ACCT-035,2026-04-22,8,1,0.96,1
ACCT-035,2026-04-23,8,1,0.96,1
ACCT-035,2026-04-24,8,1,0.96,1
ACCT-035,2026-04-25,8,1,0.96,1
ACCT-035,2026-04-26,8,1,0.96,1
ACCT-035,2026-04-27,8,1,0.96,1
ACCT-035,2026-04-28,8,1,0.96,1
ACCT-035,2026-04-29,8,1,0.96,1
ACCT-035,2026-04-30,8,1,0.96,1
ACCT-036,2026-03-19,1,0,0.91,0
ACCT-036,2026-03-20,1,0,0.91,0
ACCT-036,2026-03-21,1,1,0.91,0
ACCT-036,2026-03-22,2,1,0.91,0
ACCT-036,2026-03-23,2,1,0.96,0
ACCT-036,2026-03-24,2,1,0.96,1
ACCT-036,2026-03-25,3,1,0.96,1
ACCT-036,2026-03-26,3,1,0.96,1
ACCT-036,2026-03-27,3,1,0.96,1
ACCT-036,2026-03-28,4,1,0.96,1
ACCT-036,2026-03-29,4,1,0.96,1
ACCT-036,2026-03-30,4,1,0.96,1
ACCT-036,2026-03-31,5,1,0.96,1
ACCT-036,2026-04-01,5,1,0.96,1
ACCT-036,2026-04-02,5,1,0.96,1
ACCT-036,2026-04-03,6,1,0.96,1
ACCT-036,2026-04-04,6,1,0.96,1
ACCT-036,2026-04-05,6,1,0.96,1
ACCT-036,2026-04-06,7,1,0.96,1
ACCT-036,2026-04-07,7,1,0.96,1
ACCT-036,2026-04-08,7,1,0.96,1
ACCT-036,2026-04-09,8,1,0.96,1
ACCT-036,2026-04-10,8,1,0.96,1
ACCT-036,2026-04-11,8,1,0.96,1
ACCT-036,2026-04-12,8,1,0.96,1
ACCT-036,2026-04-13,8,1,0.96,1
ACCT-036,2026-04-14,8,1,0.96,1
ACCT-036,2026-04-15,8,1,0.96,1
ACCT-036,2026-04-16,8,1,0.96,1
ACCT-036,2026-04-17,8,1,0.96,1
ACCT-037,2026-03-04,2,0,0.91,0
ACCT-037,2026-03-05,2,0,0.91,0
ACCT-037,2026-03-06,2,1,0.91,0
ACCT-037,2026-03-07,3,1,0.91,0
ACCT-037,2026-03-08,3,1,0.96,0
ACCT-037,2026-03-09,3,1,0.96,1
ACCT-037,2026-03-10,4,1,0.96,1
ACCT-037,2026-03-11,4,1,0.96,1
ACCT-037,2026-03-12,4,1,0.96,1
ACCT-037,2026-03-13,5,1,0.96,1
ACCT-037,2026-03-14,5,1,0.96,1
ACCT-037,2026-03-15,5,1,0.96,1
ACCT-037,2026-03-16,6,1,0.96,1
ACCT-037,2026-03-17,6,1,0.96,1
ACCT-037,2026-03-18,6,1,0.96,1
ACCT-037,2026-03-19,7,1,0.96,1
ACCT-037,2026-03-20,7,1,0.96,1
ACCT-037,2026-03-21,7,1,0.96,1
ACCT-037,2026-03-22,8,1,0.96,1
ACCT-037,2026-03-23,8,1,0.96,1
ACCT-037,2026-03-24,8,1,0.96,1
ACCT-037,2026-03-25,8,1,0.96,1
ACCT-037,2026-03-26,8,1,0.96,1
ACCT-037,2026-03-27,8,1,0.96,1
ACCT-037,2026-03-28,8,1,0.96,1
ACCT-037,2026-03-29,8,1,0.96,1
ACCT-037,2026-03-30,8,1,0.96,1
ACCT-037,2026-03-31,8,1,0.96,1
ACCT-037,2026-04-01,8,1,0.96,1
ACCT-037,2026-04-02,8,1,0.96,1
ACCT-038,2026-03-17,3,0,0.91,0
ACCT-038,2026-03-18,3,0,0.91,0
ACCT-038,2026-03-19,3,1,0.91,0
ACCT-038,2026-03-20,4,1,0.91,0
ACCT-038,2026-03-21,4,1,0.96,0
ACCT-038,2026-03-22,4,1,0.96,1
ACCT-038,2026-03-23,5,1,0.96,1
ACCT-038,2026-03-24,5,1,0.96,1
ACCT-038,2026-03-25,5,1,0.96,1
ACCT-038,2026-03-26,6,1,0.96,1
ACCT-038,2026-03-27,6,1,0.96,1
ACCT-038,2026-03-28,6,1,0.96,1
ACCT-038,2026-03-29,7,1,0.96,1
ACCT-038,2026-03-30,7,1,0.96,1
ACCT-038,2026-03-31,7,1,0.96,1
ACCT-038,2026-04-01,8,1,0.96,1
ACCT-038,2026-04-02,8,1,0.96,1
ACCT-038,2026-04-03,8,1,0.96,1
ACCT-038,2026-04-04,8,1,0.96,1
ACCT-038,2026-04-05,8,1,0.96,1
ACCT-038,2026-04-06,8,1,0.96,1
ACCT-038,2026-04-07,8,1,0.96,1
ACCT-038,2026-04-08,8,1,0.96,1
ACCT-038,2026-04-09,8,1,0.96,1
ACCT-038,2026-04-10,8,1,0.96,1
ACCT-038,2026-04-11,8,1,0.96,1
ACCT-038,2026-04-12,8,1,0.96,1
ACCT-038,2026-04-13,8,1,0.96,1
ACCT-038,2026-04-14,8,1,0.96,1
ACCT-038,2026-04-15,8,1,0.96,1
ACCT-039,2026-04-08,1,0,0.91,0
ACCT-039,2026-04-09,1,0,0.91,0
ACCT-039,2026-04-10,1,1,0.91,0
ACCT-039,2026-04-11,2,1,0.91,0
ACCT-039,2026-04-12,2,1,0.96,0
ACCT-039,2026-04-13,2,1,0.96,1
ACCT-039,2026-04-14,3,1,0.96,1
ACCT-039,2026-04-15,3,1,0.96,1
ACCT-039,2026-04-16,3,1,0.96,1
ACCT-039,2026-04-17,4,1,0.96,1
ACCT-039,2026-04-18,4,1,0.96,1
ACCT-039,2026-04-19,4,1,0.96,1
ACCT-039,2026-04-20,5,1,0.96,1
ACCT-039,2026-04-21,5,1,0.96,1
ACCT-039,2026-04-22,5,1,0.96,1
ACCT-039,2026-04-23,6,1,0.96,1
ACCT-039,2026-04-24,6,1,0.96,1
ACCT-039,2026-04-25,6,1,0.96,1
ACCT-039,2026-04-26,7,1,0.96,1
ACCT-039,2026-04-27,7,1,0.96,1
ACCT-039,2026-04-28,7,1,0.96,1
ACCT-039,2026-04-29,8,1,0.96,1
ACCT-039,2026-04-30,8,1,0.96,1
ACCT-039,2026-05-01,8,1,0.96,1
ACCT-039,2026-05-02,8,1,0.96,1
ACCT-039,2026-05-03,8,1,0.96,1
ACCT-039,2026-05-04,8,1,0.96,1
ACCT-039,2026-05-05,8,1,0.96,1
ACCT-039,2026-05-06,8,1,0.96,1
ACCT-039,2026-05-07,8,1,0.96,1
ACCT-040,2026-04-27,2,0,0.91,0
ACCT-040,2026-04-28,2,0,0.91,0
ACCT-040,2026-04-29,2,1,0.91,0
ACCT-040,2026-04-30,3,1,0.91,0
ACCT-040,2026-05-01,3,1,0.96,0
ACCT-040,2026-05-02,3,1,0.96,1
ACCT-040,2026-05-03,4,1,0.96,1
ACCT-040,2026-05-04,4,1,0.96,1
ACCT-040,2026-05-05,4,1,0.96,1
ACCT-040,2026-05-06,5,1,0.96,1
ACCT-040,2026-05-07,5,1,0.96,1
ACCT-040,2026-05-08,5,1,0.96,1
ACCT-040,2026-05-09,6,1,0.96,1
ACCT-040,2026-05-10,6,1,0.96,1
ACCT-040,2026-05-11,6,1,0.96,1
ACCT-040,2026-05-12,7,1,0.96,1
ACCT-040,2026-05-13,7,1,0.96,1
ACCT-040,2026-05-14,7,1,0.96,1
ACCT-040,2026-05-15,8,1,0.96,1
ACCT-040,2026-05-16,8,1,0.96,1
ACCT-040,2026-05-17,8,1,0.96,1
ACCT-040,2026-05-18,8,1,0.96,1
ACCT-040,2026-05-19,8,1,0.96,1
ACCT-040,2026-05-20,8,1,0.96,1
ACCT-040,2026-05-21,8,1,0.96,1
ACCT-040,2026-05-22,8,1,0.96,1
ACCT-040,2026-05-23,8,1,0.96,1
ACCT-040,2026-05-24,8,1,0.96,1
ACCT-040,2026-05-25,8,1,0.96,1
ACCT-040,2026-05-26,8,1,0.96,1
ACCT-041,2026-03-27,3,0,0.91,0
ACCT-041,2026-03-28,3,0,0.91,0
ACCT-041,2026-03-29,3,1,0.91,0
ACCT-041,2026-03-30,4,1,0.91,0
ACCT-041,2026-03-31,4,1,0.96,0
ACCT-041,2026-04-01,4,1,0.96,1
ACCT-041,2026-04-02,5,1,0.96,1
ACCT-041,2026-04-03,5,1,0.96,1
ACCT-041,2026-04-04,5,1,0.96,1
ACCT-041,2026-04-05,6,1,0.96,1
ACCT-041,2026-04-06,6,1,0.96,1
ACCT-041,2026-04-07,6,1,0.96,1
ACCT-041,2026-04-08,7,1,0.96,1
ACCT-041,2026-04-09,7,1,0.96,1
ACCT-041,2026-04-10,7,1,0.96,1
ACCT-041,2026-04-11,8,1,0.96,1
ACCT-041,2026-04-12,8,1,0.96,1
ACCT-041,2026-04-13,8,1,0.96,1
ACCT-041,2026-04-14,8,1,0.96,1
ACCT-041,2026-04-15,8,1,0.96,1
ACCT-041,2026-04-16,8,1,0.96,1
ACCT-041,2026-04-17,8,1,0.96,1
ACCT-041,2026-04-18,8,1,0.96,1
ACCT-041,2026-04-19,8,1,0.96,1
ACCT-041,2026-04-20,8,1,0.96,1
ACCT-041,2026-04-21,8,1,0.96,1
ACCT-041,2026-04-22,8,1,0.96,1
ACCT-041,2026-04-23,8,1,0.96,1
ACCT-041,2026-04-24,8,1,0.96,1
ACCT-041,2026-04-25,8,1,0.96,1
ACCT-042,2026-04-19,1,0,0.91,0
ACCT-042,2026-04-20,1,0,0.91,0
ACCT-042,2026-04-21,1,1,0.91,0
ACCT-042,2026-04-22,2,1,0.91,0
ACCT-042,2026-04-23,2,1,0.96,0
ACCT-042,2026-04-24,2,1,0.96,1
ACCT-042,2026-04-25,3,1,0.96,1
ACCT-042,2026-04-26,3,1,0.96,1
ACCT-042,2026-04-27,3,1,0.96,1
ACCT-042,2026-04-28,4,1,0.96,1
ACCT-042,2026-04-29,4,1,0.96,1
ACCT-042,2026-04-30,4,1,0.96,1
ACCT-042,2026-05-01,5,1,0.96,1
ACCT-042,2026-05-02,5,1,0.96,1
ACCT-042,2026-05-03,5,1,0.96,1
ACCT-042,2026-05-04,6,1,0.96,1
ACCT-042,2026-05-05,6,1,0.96,1
ACCT-042,2026-05-06,6,1,0.96,1
ACCT-042,2026-05-07,7,1,0.96,1
ACCT-042,2026-05-08,7,1,0.96,1
ACCT-042,2026-05-09,7,1,0.96,1
ACCT-042,2026-05-10,8,1,0.96,1
ACCT-042,2026-05-11,8,1,0.96,1
ACCT-042,2026-05-12,8,1,0.96,1
ACCT-042,2026-05-13,8,1,0.96,1
ACCT-042,2026-05-14,8,1,0.96,1
ACCT-042,2026-05-15,8,1,0.96,1
ACCT-042,2026-05-16,8,1,0.96,1
ACCT-042,2026-05-17,8,1,0.96,1
ACCT-042,2026-05-18,8,1,0.96,1
ACCT-043,2026-04-06,2,0,0.91,0
ACCT-043,2026-04-07,2,0,0.91,0
ACCT-043,2026-04-08,2,1,0.91,0
ACCT-043,2026-04-09,3,1,0.91,0
ACCT-043,2026-04-10,3,1,0.96,0
ACCT-043,2026-04-11,3,1,0.96,1
ACCT-043,2026-04-12,4,1,0.96,1
ACCT-043,2026-04-13,4,1,0.96,1
ACCT-043,2026-04-14,4,1,0.96,1
ACCT-043,2026-04-15,5,1,0.96,1
ACCT-043,2026-04-16,5,1,0.96,1
ACCT-043,2026-04-17,5,1,0.96,1
ACCT-043,2026-04-18,6,1,0.96,1
ACCT-043,2026-04-19,6,1,0.96,1
ACCT-043,2026-04-20,6,1,0.96,1
ACCT-043,2026-04-21,7,1,0.96,1
ACCT-043,2026-04-22,7,1,0.96,1
ACCT-043,2026-04-23,7,1,0.96,1
ACCT-043,2026-04-24,8,1,0.96,1
ACCT-043,2026-04-25,8,1,0.96,1
ACCT-043,2026-04-26,8,1,0.96,1
ACCT-043,2026-04-27,8,1,0.96,1
ACCT-043,2026-04-28,8,1,0.96,1
ACCT-043,2026-04-29,8,1,0.96,1
ACCT-043,2026-04-30,8,1,0.96,1
ACCT-043,2026-05-01,8,1,0.96,1
ACCT-043,2026-05-02,8,1,0.96,1
ACCT-043,2026-05-03,8,1,0.96,1
ACCT-043,2026-05-04,8,1,0.96,1
ACCT-043,2026-05-05,8,1,0.96,1
ACCT-044,2026-04-11,3,0,0.91,0
ACCT-044,2026-04-12,3,0,0.91,0
ACCT-044,2026-04-13,3,1,0.91,0
ACCT-044,2026-04-14,4,1,0.91,0
ACCT-044,2026-04-15,4,1,0.96,0
ACCT-044,2026-04-16,4,1,0.96,1
ACCT-044,2026-04-17,5,1,0.96,1
ACCT-044,2026-04-18,5,1,0.96,1
ACCT-044,2026-04-19,5,1,0.96,1
ACCT-044,2026-04-20,6,1,0.96,1
ACCT-044,2026-04-21,6,1,0.96,1
ACCT-044,2026-04-22,6,1,0.96,1
ACCT-044,2026-04-23,7,1,0.96,1
ACCT-044,2026-04-24,7,1,0.96,1
ACCT-044,2026-04-25,7,1,0.96,1
ACCT-044,2026-04-26,8,1,0.96,1
ACCT-044,2026-04-27,8,1,0.96,1
ACCT-044,2026-04-28,8,1,0.96,1
ACCT-044,2026-04-29,8,1,0.96,1
ACCT-044,2026-04-30,8,1,0.96,1
ACCT-044,2026-05-01,8,1,0.96,1
ACCT-044,2026-05-02,8,1,0.96,1
ACCT-044,2026-05-03,8,1,0.96,1
ACCT-044,2026-05-04,8,1,0.96,1
ACCT-044,2026-05-05,8,1,0.96,1
ACCT-044,2026-05-06,8,1,0.96,1
ACCT-044,2026-05-07,8,1,0.96,1
ACCT-044,2026-05-08,8,1,0.96,1
ACCT-044,2026-05-09,8,1,0.96,1
ACCT-044,2026-05-10,8,1,0.96,1
ACCT-045,2026-05-25,1,0,0.91,0
ACCT-045,2026-05-26,1,0,0.91,0
ACCT-045,2026-05-27,1,1,0.91,0
ACCT-045,2026-05-28,2,1,0.91,0
ACCT-045,2026-05-29,2,1,0.96,0
ACCT-045,2026-05-30,2,1,0.96,1
ACCT-045,2026-05-31,3,1,0.96,1
ACCT-045,2026-06-01,3,1,0.96,1
ACCT-045,2026-06-02,3,1,0.96,1
ACCT-045,2026-06-03,4,1,0.96,1
ACCT-045,2026-06-04,4,1,0.96,1
ACCT-045,2026-06-05,4,1,0.96,1
ACCT-045,2026-06-06,5,1,0.96,1
ACCT-045,2026-06-07,5,1,0.96,1
ACCT-045,2026-06-08,5,1,0.96,1
ACCT-045,2026-06-09,6,1,0.96,1
ACCT-045,2026-06-10,6,1,0.96,1
ACCT-045,2026-06-11,6,1,0.96,1
ACCT-045,2026-06-12,7,1,0.96,1
ACCT-045,2026-06-13,7,1,0.96,1
ACCT-045,2026-06-14,7,1,0.96,1
ACCT-045,2026-06-15,8,1,0.96,1
ACCT-045,2026-06-16,8,1,0.96,1
ACCT-045,2026-06-17,8,1,0.96,1
ACCT-045,2026-06-18,8,1,0.96,1
ACCT-045,2026-06-19,8,1,0.96,1
ACCT-045,2026-06-20,8,1,0.96,1
ACCT-045,2026-06-21,8,1,0.96,1
ACCT-045,2026-06-22,8,1,0.96,1
ACCT-045,2026-06-23,8,1,0.96,1
ACCT-046,2026-04-20,2,0,0.91,0
ACCT-046,2026-04-21,2,0,0.91,0
ACCT-046,2026-04-22,2,1,0.91,0
ACCT-046,2026-04-23,3,1,0.91,0
ACCT-046,2026-04-24,3,1,0.96,0
ACCT-046,2026-04-25,3,1,0.96,1
ACCT-046,2026-04-26,4,1,0.96,1
ACCT-046,2026-04-27,4,1,0.96,1
ACCT-046,2026-04-28,4,1,0.96,1
ACCT-046,2026-04-29,5,1,0.96,1
ACCT-046,2026-04-30,5,1,0.96,1
ACCT-046,2026-05-01,5,1,0.96,1
ACCT-046,2026-05-02,6,1,0.96,1
ACCT-046,2026-05-03,6,1,0.96,1
ACCT-046,2026-05-04,6,1,0.96,1
ACCT-046,2026-05-05,7,1,0.96,1
ACCT-046,2026-05-06,7,1,0.96,1
ACCT-046,2026-05-07,7,1,0.96,1
ACCT-046,2026-05-08,8,1,0.96,1
ACCT-046,2026-05-09,8,1,0.96,1
ACCT-046,2026-05-10,8,1,0.96,1
ACCT-046,2026-05-11,8,1,0.96,1
ACCT-046,2026-05-12,8,1,0.96,1
ACCT-046,2026-05-13,8,1,0.96,1
ACCT-046,2026-05-14,8,1,0.96,1
ACCT-046,2026-05-15,8,1,0.96,1
ACCT-046,2026-05-16,8,1,0.96,1
ACCT-046,2026-05-17,8,1,0.96,1
ACCT-046,2026-05-18,8,1,0.96,1
ACCT-046,2026-05-19,8,1,0.96,1
ACCT-047,2026-04-20,3,0,0.91,0
ACCT-047,2026-04-21,3,0,0.91,0
ACCT-047,2026-04-22,3,1,0.91,0
ACCT-047,2026-04-23,4,1,0.91,0
ACCT-047,2026-04-24,4,1,0.96,0
ACCT-047,2026-04-25,4,1,0.96,1
ACCT-047,2026-04-26,5,1,0.96,1
ACCT-047,2026-04-27,5,1,0.96,1
ACCT-047,2026-04-28,5,1,0.96,1
ACCT-047,2026-04-29,6,1,0.96,1
ACCT-047,2026-04-30,6,1,0.96,1
ACCT-047,2026-05-01,6,1,0.96,1
ACCT-047,2026-05-02,7,1,0.96,1
ACCT-047,2026-05-03,7,1,0.96,1
ACCT-047,2026-05-04,7,1,0.96,1
ACCT-047,2026-05-05,8,1,0.96,1
ACCT-047,2026-05-06,8,1,0.96,1
ACCT-047,2026-05-07,8,1,0.96,1
ACCT-047,2026-05-08,8,1,0.96,1
ACCT-047,2026-05-09,8,1,0.96,1
ACCT-047,2026-05-10,8,1,0.96,1
ACCT-047,2026-05-11,8,1,0.96,1
ACCT-047,2026-05-12,8,1,0.96,1
ACCT-047,2026-05-13,8,1,0.96,1
ACCT-047,2026-05-14,8,1,0.96,1
ACCT-047,2026-05-15,8,1,0.96,1
ACCT-047,2026-05-16,8,1,0.96,1
ACCT-047,2026-05-17,8,1,0.96,1
ACCT-047,2026-05-18,8,1,0.96,1
ACCT-047,2026-05-19,8,1,0.96,1
ACCT-048,2026-05-18,1,0,0.91,0
ACCT-048,2026-05-19,1,0,0.91,0
ACCT-048,2026-05-20,1,1,0.91,0
ACCT-048,2026-05-21,2,1,0.91,0
ACCT-048,2026-05-22,2,1,0.96,0
ACCT-048,2026-05-23,2,1,0.96,1
ACCT-048,2026-05-24,3,1,0.96,1
ACCT-048,2026-05-25,3,1,0.96,1
ACCT-048,2026-05-26,3,1,0.96,1
ACCT-048,2026-05-27,4,1,0.96,1
ACCT-048,2026-05-28,4,1,0.96,1
ACCT-048,2026-05-29,4,1,0.96,1
ACCT-048,2026-05-30,5,1,0.96,1
ACCT-048,2026-05-31,5,1,0.96,1
ACCT-048,2026-06-01,5,1,0.96,1
ACCT-048,2026-06-02,6,1,0.96,1
ACCT-048,2026-06-03,6,1,0.96,1
ACCT-048,2026-06-04,6,1,0.96,1
ACCT-048,2026-06-05,7,1,0.96,1
ACCT-048,2026-06-06,7,1,0.96,1
ACCT-048,2026-06-07,7,1,0.96,1
ACCT-048,2026-06-08,8,1,0.96,1
ACCT-048,2026-06-09,8,1,0.96,1
ACCT-048,2026-06-10,8,1,0.96,1
ACCT-048,2026-06-11,8,1,0.96,1
ACCT-048,2026-06-12,8,1,0.96,1
ACCT-048,2026-06-13,8,1,0.96,1
ACCT-048,2026-06-14,8,1,0.96,1
ACCT-048,2026-06-15,8,1,0.96,1
ACCT-048,2026-06-16,8,1,0.96,1
ACCT-049,2026-05-10,2,0,0.91,0
ACCT-049,2026-05-11,2,0,0.91,0
ACCT-049,2026-05-12,2,1,0.91,0
ACCT-049,2026-05-13,3,1,0.91,0
ACCT-049,2026-05-14,3,1,0.96,0
ACCT-049,2026-05-15,3,1,0.96,1
ACCT-049,2026-05-16,4,1,0.96,1
ACCT-049,2026-05-17,4,1,0.96,1
ACCT-049,2026-05-18,4,1,0.96,1
ACCT-049,2026-05-19,5,1,0.96,1
ACCT-049,2026-05-20,5,1,0.96,1
ACCT-049,2026-05-21,5,1,0.96,1
ACCT-049,2026-05-22,6,1,0.96,1
ACCT-049,2026-05-23,6,1,0.96,1
ACCT-049,2026-05-24,6,1,0.96,1
ACCT-049,2026-05-25,7,1,0.96,1
ACCT-049,2026-05-26,7,1,0.96,1
ACCT-049,2026-05-27,7,1,0.96,1
ACCT-049,2026-05-28,8,1,0.96,1
ACCT-049,2026-05-29,8,1,0.96,1
ACCT-049,2026-05-30,8,1,0.96,1
ACCT-049,2026-05-31,8,1,0.96,1
ACCT-049,2026-06-01,8,1,0.96,1
ACCT-049,2026-06-02,8,1,0.96,1
ACCT-049,2026-06-03,8,1,0.96,1
ACCT-049,2026-06-04,8,1,0.96,1
ACCT-049,2026-06-05,8,1,0.96,1
ACCT-049,2026-06-06,8,1,0.96,1
ACCT-049,2026-06-07,8,1,0.96,1
ACCT-049,2026-06-08,8,1,0.96,1
ACCT-050,2026-06-13,3,0,0.91,0
ACCT-050,2026-06-14,3,0,0.91,0
ACCT-050,2026-06-15,3,1,0.91,0
ACCT-050,2026-06-16,4,1,0.91,0
ACCT-050,2026-06-17,4,1,0.96,0
ACCT-050,2026-06-18,4,1,0.96,1
ACCT-050,2026-06-19,5,1,0.96,1
ACCT-050,2026-06-20,5,1,0.96,1
ACCT-050,2026-06-21,5,1,0.96,1
ACCT-050,2026-06-22,6,1,0.96,1
ACCT-050,2026-06-23,6,1,0.96,1
ACCT-050,2026-06-24,6,1,0.96,1
ACCT-050,2026-06-25,7,1,0.96,1
ACCT-050,2026-06-26,7,1,0.96,1
ACCT-050,2026-06-27,7,1,0.96,1
ACCT-050,2026-06-28,8,1,0.96,1
ACCT-050,2026-06-29,8,1,0.96,1
ACCT-050,2026-06-30,8,1,0.96,1
ACCT-051,2026-06-03,1,0,0.91,0
ACCT-051,2026-06-04,1,0,0.91,0
ACCT-051,2026-06-05,1,1,0.91,0
ACCT-051,2026-06-06,2,1,0.91,0
ACCT-051,2026-06-07,2,1,0.96,0
ACCT-051,2026-06-08,2,1,0.96,1
ACCT-051,2026-06-09,3,1,0.96,1
ACCT-051,2026-06-10,3,1,0.96,1
ACCT-051,2026-06-11,3,1,0.96,1
ACCT-051,2026-06-12,4,1,0.96,1
ACCT-051,2026-06-13,4,1,0.96,1
ACCT-051,2026-06-14,4,1,0.96,1
ACCT-051,2026-06-15,5,1,0.96,1
ACCT-051,2026-06-16,5,1,0.96,1
ACCT-051,2026-06-17,5,1,0.96,1
ACCT-051,2026-06-18,6,1,0.96,1
ACCT-051,2026-06-19,6,1,0.96,1
ACCT-051,2026-06-20,6,1,0.96,1
ACCT-051,2026-06-21,7,1,0.96,1
ACCT-051,2026-06-22,7,1,0.96,1
ACCT-051,2026-06-23,7,1,0.96,1
ACCT-051,2026-06-24,8,1,0.96,1
ACCT-051,2026-06-25,8,1,0.96,1
ACCT-051,2026-06-26,8,1,0.96,1
ACCT-051,2026-06-27,8,1,0.96,1
ACCT-051,2026-06-28,8,1,0.96,1
ACCT-051,2026-06-29,8,1,0.96,1
ACCT-051,2026-06-30,8,1,0.96,1
ACCT-052,2026-06-07,2,0,0.91,0
ACCT-052,2026-06-08,2,0,0.91,0
ACCT-052,2026-06-09,2,1,0.91,0
ACCT-052,2026-06-10,3,1,0.91,0
ACCT-052,2026-06-11,3,1,0.96,0
ACCT-052,2026-06-12,3,1,0.96,1
ACCT-052,2026-06-13,4,1,0.96,1
ACCT-052,2026-06-14,4,1,0.96,1
ACCT-052,2026-06-15,4,1,0.96,1
ACCT-052,2026-06-16,5,1,0.96,1
ACCT-052,2026-06-17,5,1,0.96,1
ACCT-052,2026-06-18,5,1,0.96,1
ACCT-052,2026-06-19,6,1,0.96,1
ACCT-052,2026-06-20,6,1,0.96,1
ACCT-052,2026-06-21,6,1,0.96,1
ACCT-052,2026-06-22,7,1,0.96,1
ACCT-052,2026-06-23,7,1,0.96,1
ACCT-052,2026-06-24,7,1,0.96,1
ACCT-052,2026-06-25,8,1,0.96,1
ACCT-052,2026-06-26,8,1,0.96,1
ACCT-052,2026-06-27,8,1,0.96,1
ACCT-052,2026-06-28,8,1,0.96,1
ACCT-052,2026-06-29,8,1,0.96,1
ACCT-052,2026-06-30,8,1,0.96,1
ACCT-053,2026-05-28,3,0,0.91,0
ACCT-053,2026-05-29,3,0,0.91,0
ACCT-053,2026-05-30,3,1,0.91,0
ACCT-053,2026-05-31,4,1,0.91,0
ACCT-053,2026-06-01,4,1,0.96,0
ACCT-053,2026-06-02,4,1,0.96,1
ACCT-053,2026-06-03,5,1,0.96,1
ACCT-053,2026-06-04,5,1,0.96,1
ACCT-053,2026-06-05,5,1,0.96,1
ACCT-053,2026-06-06,6,1,0.96,1
ACCT-053,2026-06-07,6,1,0.96,1
ACCT-053,2026-06-08,6,1,0.96,1
ACCT-053,2026-06-09,7,1,0.96,1
ACCT-053,2026-06-10,7,1,0.96,1
ACCT-053,2026-06-11,7,1,0.96,1
ACCT-053,2026-06-12,8,1,0.96,1
ACCT-053,2026-06-13,8,1,0.96,1
ACCT-053,2026-06-14,8,1,0.96,1
ACCT-053,2026-06-15,8,1,0.96,1
ACCT-053,2026-06-16,8,1,0.96,1
ACCT-053,2026-06-17,8,1,0.96,1
ACCT-053,2026-06-18,8,1,0.96,1
ACCT-053,2026-06-19,8,1,0.96,1
ACCT-053,2026-06-20,8,1,0.96,1
ACCT-053,2026-06-21,8,1,0.96,1
ACCT-053,2026-06-22,8,1,0.96,1
ACCT-053,2026-06-23,8,1,0.96,1
ACCT-053,2026-06-24,8,1,0.96,1
ACCT-053,2026-06-25,8,1,0.96,1
ACCT-053,2026-06-26,8,1,0.96,1
ACCT-054,2026-06-07,1,0,0.91,0
ACCT-054,2026-06-08,1,0,0.91,0
ACCT-054,2026-06-09,1,1,0.91,0
ACCT-054,2026-06-10,2,1,0.91,0
ACCT-054,2026-06-11,2,1,0.96,0
ACCT-054,2026-06-12,2,1,0.96,1
ACCT-054,2026-06-13,3,1,0.96,1
ACCT-054,2026-06-14,3,1,0.96,1
ACCT-054,2026-06-15,3,1,0.96,1
ACCT-054,2026-06-16,4,1,0.96,1
ACCT-054,2026-06-17,4,1,0.96,1
ACCT-054,2026-06-18,4,1,0.96,1
ACCT-054,2026-06-19,5,1,0.96,1
ACCT-054,2026-06-20,5,1,0.96,1
ACCT-054,2026-06-21,5,1,0.96,1
ACCT-054,2026-06-22,6,1,0.96,1
ACCT-054,2026-06-23,6,1,0.96,1
ACCT-054,2026-06-24,6,1,0.96,1
ACCT-054,2026-06-25,7,1,0.96,1
ACCT-054,2026-06-26,7,1,0.96,1
ACCT-054,2026-06-27,7,1,0.96,1
ACCT-054,2026-06-28,8,1,0.96,1
ACCT-054,2026-06-29,8,1,0.96,1
ACCT-054,2026-06-30,8,1,0.96,1
ACCT-056,2026-06-10,3,0,0.91,0
ACCT-056,2026-06-11,3,0,0.91,0
ACCT-056,2026-06-12,3,1,0.91,0
ACCT-056,2026-06-13,4,1,0.91,0
ACCT-056,2026-06-14,4,1,0.96,0
ACCT-056,2026-06-15,4,1,0.96,1
ACCT-056,2026-06-16,5,1,0.96,1
ACCT-056,2026-06-17,5,1,0.96,1
ACCT-056,2026-06-18,5,1,0.96,1
ACCT-056,2026-06-19,6,1,0.96,1
ACCT-056,2026-06-20,6,1,0.96,1
ACCT-056,2026-06-21,6,1,0.96,1
ACCT-056,2026-06-22,7,1,0.96,1
ACCT-056,2026-06-23,7,1,0.96,1
ACCT-056,2026-06-24,7,1,0.96,1
ACCT-056,2026-06-25,8,1,0.96,1
ACCT-056,2026-06-26,8,1,0.96,1
ACCT-056,2026-06-27,8,1,0.96,1
ACCT-056,2026-06-28,8,1,0.96,1
ACCT-056,2026-06-29,8,1,0.96,1
ACCT-056,2026-06-30,8,1,0.96,1
